id,name,price
11c54440-89ab-4661-80c8-3ae14d0212ab,Intel Core i2-5229K,1537.46
bfea4d8b-721a-411a-a7b9-91695e787201,Intel Core i8-7477K,4389.73
27b9f5d5-28d9-4478-a1ee-c847bc51051b,Intel Core i1-7717K,4055.1
f855963e-bc4e-4a70-91e4-9e8cba8086e0,Intel Core i8-5490K,2020.28
2c216209-351a-476d-a6aa-eed20d4452fb,Intel Core i6-1191K,2981.74
d7c614b3-1caf-46e6-ac41-333f51cd0324,Intel Core i1-7408K,2797.96
f1b7b0b5-bcdc-40be-a61a-68629c7365aa,Intel Core i9-4860K,3606.37
04dc7f0a-e7e0-4a36-b15b-37b602fd3fe1,Intel Core i4-6478K,4154.89
0e8f3037-b16b-4a13-9a19-b8be9ee8bee7,Intel Core i5-1737K,1375.44
54494b72-8079-46ef-bcd2-7041f1be17cd,Intel Core i3-5281K,1113.39
08417447-fde8-457d-9172-d819a7f71a9e,Intel Core i7-9458K,4343.06
d8a9175c-b91e-46c5-8dc8-73bff4baca1b,Intel Core i8-9744K,2731.07
346ca527-04b5-4a1f-a2af-f08e30bb399e,Intel Core i8-4790K,4049.12
33a5c7af-2a09-4960-b25b-64b0ec57c96c,Intel Core i6-9662K,1008.42
a1553010-042c-4659-87c1-6aa4131d1dea,Intel Core i9-2317K,2781.55
e652e841-d06a-4ef9-9c51-794311024f7a,Intel Core i6-8186K,3886.16
66d7bc06-ce10-4c14-80c4-ca502a44e64a,Intel Core i5-7370K,1915.05
98b75b72-651b-440e-b281-1cf80ada3987,Intel Core i4-1428K,4781.08
4959f3cc-ab4b-45ce-b2de-b446374a2a78,Intel Core i4-7988K,4605.71
ba90c48b-986d-41b7-a93f-f7137c4ea150,Intel Core i6-8559K,1122.36
3a340c72-fef4-4d2c-a870-845361af0594,Intel Core i1-7989K,1101.78
93cc0c16-0c92-457a-9883-ce6881366470,Intel Core i9-4728K,3165.65
f5ac92c1-2155-49d8-821c-899c9f36f17c,Intel Core i6-9407K,4756.6
1a96b98c-dd77-4545-852b-b3e41144c950,Intel Core i8-6786K,2524.82
de1255c6-993b-4c30-b9ea-b633b74aeff5,Intel Core i9-9650K,1866.4
83b032cc-1840-4d8b-be5f-cd5e86bad08f,Intel Core i1-4379K,2688.47
78a256e5-7f49-4cec-9486-d3193b017d45,Intel Core i3-2989K,1116.16
05b92c82-feb0-4316-b946-e75eb5dbabd4,Intel Core i2-2140K,1886.77
532a0d28-16cd-407a-b92e-8aad6ad74b26,Intel Core i5-4570K,2751.55
e259fd70-04b4-4f41-9c1f-7bd81e95bc1e,Intel Core i3-6519K,2983.25
72721545-ca41-4656-a73a-78bc714cd377,Intel Core i3-5912K,1932.34
7797fa5e-b07e-43d2-b7fd-9e195c3202da,Intel Core i5-8624K,1923.47
3d414254-53e0-4022-b88a-1413c9d3fa6d,Intel Core i2-1577K,1875.12
a8de2dc8-d220-4159-b232-110db56187c3,Intel Core i7-4565K,2838.41
15260890-7945-4897-858c-56c87460c294,Intel Core i9-4714K,2159.13
0fa30069-e8a3-4666-a641-6ab14b61d433,Intel Core i1-7303K,1085.96
1d594521-81ee-4c1a-a848-7fad91c585a4,Intel Core i8-9702K,4350.31
5875cdfa-2484-4e3d-8993-92d890ae267b,Intel Core i9-8483K,3225.82
ec76d593-9312-4358-9673-b15fce77ca0d,Intel Core i7-6780K,3569.18
72d3a8e2-3654-4a30-82fe-e6af2a8d2d4f,Intel Core i3-4104K,1743.63
764617e4-f509-47d8-ae8e-a4dca2fa2b63,Intel Core i2-5541K,4970.17
3fccb95d-5b51-4aca-8962-9c452a8c592e,Intel Core i5-3126K,4439.79
8fa23194-21d0-41e5-9a4f-94ec92e96c2c,Intel Core i4-8380K,1483.56
3241b595-9278-4f66-8f09-3e23742ae512,Intel Core i1-7498K,2330.78
48135171-fff0-48b7-b664-540b10b0af9f,Intel Core i4-7451K,3885.94
7b377d53-da86-4fdd-918b-e697dbca7579,Intel Core i7-5971K,3844.77
5860e19c-9dca-4306-8f4e-0d7d13fd77d2,Intel Core i6-7570K,4745.76
18cd93b3-d275-4614-ad5f-2eeaf2fd0e91,Intel Core i4-6302K,2688.43
87f718e6-e8de-4a3a-924a-98a6da5ac519,Intel Core i4-5256K,4320.14
5e2643ec-4d5d-415b-a8d5-711a4f8b0f40,Intel Core i6-9868K,3681.22
5e5a0694-de0d-4748-ab5b-d296f9907ccd,Intel Core i2-1283K,2213.47
19ac6d2b-12f9-4ce1-9094-36a00c65ecb9,Intel Core i3-9422K,3350.32
ce396d63-8bf0-4c58-9329-0af6158d9b59,Intel Core i9-5645K,4529.92
97da91b0-ecb1-4185-ad7b-88cb6fefb356,Intel Core i2-5455K,4384.79
c93639e5-5d36-4dbb-9171-8fbbe4196a51,Intel Core i3-9297K,3021.14
d4132f3b-d9d7-4877-8e4d-c51ae91160d1,Intel Core i7-2750K,3356.01
947ac96d-6ff5-4a5a-bf62-aeb6dc502ec5,Intel Core i6-2722K,1138.1
9e1b9802-a49d-4b11-ad93-824a570eae0c,Intel Core i9-4219K,1970.96
b18774f8-5484-40f8-9bae-492cab2bc72e,Intel Core i5-9245K,4189.62
983c5b9b-b50d-4075-a135-d14555704168,Intel Core i2-1574K,2657.26
de8c3aba-b0ba-408d-998c-ea0d544c77e1,Intel Core i1-2709K,1692.03
023f216b-60df-4d6a-9cf4-8434704b2739,Intel Core i4-4710K,3195.2
6860fc76-1f75-4298-8f10-d6dec54d036b,Intel Core i8-3421K,3812.16
fddc1445-bb0e-4387-8322-2f71d06a562b,Intel Core i7-7921K,3697.94
e86ba2c5-ae13-4116-861f-9946d9ad6340,Intel Core i5-8648K,2498.81
7f492dd7-1a96-4573-87e4-8504d4861eef,Intel Core i6-1113K,2755.85
bc7928be-8aa8-4a65-b6a8-f33607b833ee,Intel Core i6-8704K,3033.71
5d98e677-cb69-44c8-999b-4780f157902f,Intel Core i2-2656K,4113.77
6710a4f7-d031-4d92-9671-5f261e88370d,Intel Core i2-5497K,3083.75
1af7fa7b-b9c6-4a4a-bfa3-80f686818875,Intel Core i8-6598K,2573.02
9584e8a8-ed3f-41bf-afe8-7d60d25c540c,Intel Core i4-5428K,2958.77
33061e47-0c83-495e-acce-08158459d8f0,Intel Core i2-5235K,1118.3
e9211c03-2d87-4391-a3d8-fa999f251a72,Intel Core i6-4771K,1173.95
aea84c68-0c35-4346-a994-3b0c6e2ae44c,Intel Core i6-3640K,3813.53
61a43cbc-e84b-47ff-a052-3fd8d7f862b6,Intel Core i4-6294K,4932.75
aab5a668-8686-48f8-b66b-eeca385fc3fe,Intel Core i2-4489K,3372.73
6638d348-207d-44b7-b781-5ee29e7ba84e,Intel Core i7-2503K,2574.4
bdf4b75c-b9ef-4fb5-b459-1fca06985170,Intel Core i2-1181K,1681.4
63018915-ae7b-4cf9-9398-031de95a439a,Intel Core i8-8345K,3008.95
a527c411-6e1f-42c1-aab4-6ed438233695,Intel Core i6-2918K,4928.31
55380ae8-e387-4685-9138-0ff0614d61f8,Intel Core i3-3622K,4082.09
ad629c28-ab98-44f3-af20-c66e06aed89f,Intel Core i9-5341K,3158.47
f52320a6-1280-4b34-8fbe-b224b21f16ee,Intel Core i9-1632K,4441.16
e19e2be2-3465-4aa4-a1da-e83e9e400421,Intel Core i4-3598K,1928.7
b5edac41-45be-48ab-89e7-dc064ee68236,Intel Core i3-1468K,3055.09
ef757ff3-153c-440c-b436-7c1be2702931,Intel Core i8-7941K,4809.87
f4c5b944-f871-4045-aaca-85ac2091bfbc,Intel Core i8-9848K,3311.18
20d9ec1e-6d2e-4b40-b754-e050fe96455b,Intel Core i6-3506K,2836.53
0bea396e-39ad-43e3-acba-be701b2caad0,Intel Core i7-1170K,2077.12
514f0288-079f-47d0-b3c8-6df2c5d7e241,Intel Core i3-3359K,3191.99
93fc62e7-e2c9-40dd-a335-0f062d5bab25,Intel Core i7-7344K,4828.47
5f1e8be6-147d-44c2-b81e-7807ec828569,Intel Core i4-8191K,1022.84
82465497-7fd2-4d8a-b6fa-2329932e88d5,Intel Core i6-9828K,4134.62
7d3e995f-1021-4171-b677-3f4b8d6b4a89,Intel Core i6-8833K,4281.94
13bc4e12-277c-401e-9174-52ff451e1ec5,Intel Core i6-9536K,4544.72
fb897372-f8c9-4268-bb6a-42a071757ef2,Intel Core i2-9630K,3962.01
54b11ba7-3785-4d1b-a266-5c382ae34bd9,Intel Core i4-5528K,4236.56
a711c692-b14d-49f4-8cdb-1137ce76dc97,Intel Core i6-3848K,3074.71
16f28564-0155-46a2-b72c-4c769293464e,Intel Core i2-9791K,3245.43
ce2c8aa7-9fc8-4721-a42b-18233335786a,Intel Core i5-7422K,2704.36
932b92ba-849f-4a69-b2fb-d9093e7ab806,Intel Core i8-7690K,1224.49
249f1e48-8447-4165-b930-6fadbb99fead,Intel Core i3-9168K,4480.04
99edfa95-016a-451b-9c28-0d0fb59947f1,Intel Core i5-2581K,3280.0
28c66cf4-1eaa-47a8-942a-a0b6a696604a,Intel Core i2-8412K,1799.36
73506b43-fec8-41f4-a734-cc1f1b0baf8b,Intel Core i7-3666K,3018.88
f6342d6c-f306-4997-a6b5-5eb2e93493aa,Intel Core i8-4272K,2939.7
14c6a406-f389-49bd-944d-f7efd0df997a,Intel Core i9-7269K,2427.16
a5976ab8-a3be-4008-a137-ecb33c50e006,Intel Core i4-7944K,2384.31
3252aa4b-966c-40f4-b622-45655dc06f79,Intel Core i9-8103K,3153.92
5eb23c47-5f40-4974-b451-60d5e1dd4e53,Intel Core i4-5409K,3493.96
947dba60-d2ec-4cce-ba41-b9943ac0f8ea,Intel Core i3-9424K,3449.81
e58d6c1a-cf2e-43dc-bd8a-d5a09969727f,Intel Core i5-8344K,2832.59
860d87a1-b285-4e2d-ba85-f02b69aac062,Intel Core i8-7285K,1111.9
23cce0e9-d002-43e9-98a5-ba7ec3ceced5,Intel Core i7-4539K,1918.42
4a7c8185-4031-42a1-88d9-e765306c0227,Intel Core i2-1910K,1708.85
29091e37-e204-40f0-bd3c-a58af6a59f6c,Intel Core i2-9642K,3337.84
ec0f9696-6c4a-4166-826a-ffc46fa6ae23,Intel Core i7-9694K,4444.04
3ae441be-0acc-4ff5-8a04-213e9342b2a9,Intel Core i1-2885K,4193.76
488f8d21-0a33-4ec7-8661-ac3959de0dc0,Intel Core i5-9775K,4188.39
ce13e41f-07a4-448a-a146-82453b2a42bd,Intel Core i8-2759K,4265.75
468aeed3-2637-4a22-a1c6-be8b6d362a47,Intel Core i9-1563K,2021.18
6ba7b76f-390e-4e48-a284-0d0a90a6e5c6,Intel Core i4-8998K,4366.98
daa6e3d2-2d2c-4d7e-a985-73bc93adb321,Intel Core i3-8964K,3692.45
6f938d30-eb7b-422c-b6cc-41ab3430938d,Intel Core i9-1735K,1332.94
088be91c-0fe4-4e52-b8bb-b9ef8d3f73fb,Intel Core i7-6296K,1066.76
9e509ffb-3026-44c1-9360-6944e75f7250,Intel Core i5-1773K,1058.24
d387f34e-58c8-42e8-9cca-c2e83e9d5474,Intel Core i5-3226K,4022.35
104bea44-d9af-4775-bfef-7c547fac9584,Intel Core i6-5790K,1998.24
73581417-8a58-4f8c-820c-48e941cdf00a,Intel Core i3-8584K,1437.95
20ae6119-7dac-4ca1-b822-7e79f05f3c1f,Intel Core i8-9172K,3499.21
862ceeca-b34e-4419-bf7e-1b59b728da1b,Intel Core i2-7248K,2377.69
46ee507a-2e33-4663-993f-f488c0469515,Intel Core i8-1351K,1278.06
c0d622cf-6d8b-47ff-9b99-ccbca3558c1e,Intel Core i2-7582K,1638.5
db538517-1ff9-48ab-9228-6eec29eeb575,Intel Core i4-9494K,3109.52
86f2e874-50b5-426e-9007-1f4bac5d2d24,Intel Core i5-2235K,1672.58
95f343e9-eaa2-445a-a035-eb4f5e414178,Intel Core i8-9985K,2091.66
36e193b4-5573-410c-97b8-d0641f13b19b,Intel Core i5-9502K,3846.36
aff661a6-3725-443d-b0bd-df62ac83916e,Intel Core i4-7959K,2818.81
18f5ba23-95e3-4a29-9c1f-d6085a57a8a3,Intel Core i8-5662K,2288.01
a798f63d-0118-40f8-b056-b877d4b38327,Intel Core i4-1734K,2895.08
6055904c-1aa6-43f0-a4f6-f9585bd671fc,Intel Core i4-5456K,1094.54
fa154ede-b378-4332-aef3-59e389ea6e8c,Intel Core i8-3512K,2546.23
e01431fa-0472-456d-a658-c2d456f11cc5,Intel Core i3-3378K,2683.67
a6596e41-401c-40a0-b46c-174730b121ca,Intel Core i5-7475K,1752.16
0b217469-8bc9-45b6-bbbb-3dc012a5d26f,Intel Core i5-2213K,1435.05
54b7fc72-3b19-4bbf-8ca1-4f2ca61c9875,Intel Core i6-8236K,4599.27
3703029c-02c3-4152-a45a-0fa2f38345cf,Intel Core i1-1420K,3040.46
a13327d5-1fb7-42ef-bfa4-1b29b3616fcc,Intel Core i9-8607K,1836.36
281b0e93-6231-42b9-b038-8bc714ee644d,Intel Core i3-2441K,3422.59
d584bca4-a71c-4383-a6ea-0d849fe1253d,Intel Core i8-8763K,4268.16
02ebe6ea-e6a5-49e9-b81c-7c310412f649,Intel Core i4-5823K,1083.27
def1fffa-fa10-4d9a-b1d9-2bad2fa9dcee,Intel Core i7-4889K,1071.46
6b6dea37-4e94-4564-85ea-f8db7adcd7a0,Intel Core i8-2445K,1585.85
674e1439-5623-4233-9cd6-170525ff141f,Intel Core i1-1810K,3875.34
e808b93f-bd9f-4009-b8b8-64e2b206915e,Intel Core i5-4756K,1640.91
8c878a69-0a27-48d4-8bbb-b9a7b3609ccf,Intel Core i1-1722K,3818.42
42ad34b4-d80f-4ad8-ad98-f5c256d88e2f,Intel Core i1-7528K,3712.7
b39856c4-2d1c-4f8f-a252-1a4a9d5de9ec,Intel Core i8-5121K,3178.81
154d00f2-8b5f-4ac3-8948-809c6debc92e,Intel Core i1-9308K,1882.4
b63a06ab-cf9f-4a6d-b0f0-eabff5a1017b,Intel Core i2-7204K,4902.38
836a4e9d-b1a1-43ea-8000-5fed305e7901,Intel Core i8-3530K,4191.24
6e1ebda0-742e-4740-9882-00ea60143c27,Intel Core i7-6537K,3066.4
6cbfe6d3-6891-4495-94bd-143594188dd0,Intel Core i4-1343K,1892.78
ada4d592-07fe-4fa4-a20c-7967c16a39a9,Intel Core i9-9156K,3594.03
4729e73d-df53-40b9-b93c-2fb722bdc380,Intel Core i7-9458K,2579.59
1ae8c21a-7a24-4122-9959-64fb26d569a2,Intel Core i2-5286K,3303.38
95adf96f-7568-4f70-98e2-f0e5b5870278,Intel Core i2-3142K,2284.98
8f791678-3d73-4443-8e4f-f07b9b4f2a3e,Intel Core i1-1236K,3523.79
299c8373-264b-42ff-8920-ec23d19f01e6,Intel Core i9-6287K,1235.14
0dcb3612-e7f9-4028-bfcb-6d056b17a4c3,Intel Core i3-9150K,2194.42
716e9e3b-4c62-4fde-9920-a5285659b253,Intel Core i7-8172K,4871.61
1e1871f0-8d62-46b9-9dda-93831b15cb71,Intel Core i2-5684K,4502.14
43cdeb45-3443-42ee-88b0-d6fdbe3d768d,Intel Core i1-7114K,2225.55
74b9f9e7-6bb3-44e5-9b8e-3a9db784f7be,Intel Core i3-5745K,4434.06
f58d1025-8532-439b-a011-609d466e33b8,Intel Core i2-7414K,2241.45
bf58878e-2e4c-4bd7-a70b-611aac5c58f8,Intel Core i4-6688K,4757.15
4052a846-e8b2-460b-89e8-957e281e3891,Intel Core i8-2386K,3975.37
82d6dd42-b5ba-4004-b0a2-14a25a37283d,Intel Core i9-9978K,2664.69
d75ca3e7-65ed-46d9-8080-2ad2228b8e90,Intel Core i3-4604K,2009.43
a4ad6dad-3634-4c29-83e3-39277b47a3b6,Intel Core i6-2768K,1033.92
31dad773-1c3d-4ed5-98dd-5a46070c2aa9,Intel Core i2-1552K,4514.87
51885670-2e2c-4146-987d-7b0635438c47,Intel Core i7-5685K,1151.67
c7ce3c22-802c-47a7-94d2-a046b89e055c,Intel Core i6-9954K,4277.66
51abb0c6-31ed-4156-bf9a-59387c418c29,Intel Core i2-3608K,4848.8
366f09c1-a9ba-4cee-aa7f-413bbc65a38c,Intel Core i2-8555K,3281.12
996ce525-b720-4cf6-8ebf-0c9d24edac33,Intel Core i6-7277K,1686.07
0e1f80ad-c0e5-43df-a2b9-44ce9eb903d9,Intel Core i3-1990K,4471.12
a63501f1-c955-480a-82aa-7a1ed1d679c4,Intel Core i5-4679K,4895.1
2bd48545-854a-4a40-b2d1-8b42d253d8a4,Intel Core i7-5855K,3816.09
369946fa-93e8-4a38-b738-d54cf82fa0f0,Intel Core i9-9395K,3035.49
5af16e51-fa8d-4399-b1c9-1ed46317d256,Intel Core i5-4302K,2511.88
a5b5162a-45fe-4c75-8f62-45c6ab142046,Intel Core i7-1212K,2387.72
e9c80704-e1db-43c2-85d0-ae53071a482f,Intel Core i2-4584K,1823.05
9ffe8357-1edd-4395-b2a4-45a82bf21e8d,Intel Core i9-2219K,3696.61
08b26344-c4ff-4f00-b8ef-16145ed0d450,Intel Core i9-7132K,2731.8
e8972705-7404-4876-aa71-e0f5f6bb9d8e,Intel Core i8-5495K,1776.47
2268a4bd-3084-4046-9e3e-251d2efe6362,Intel Core i8-4739K,1417.7
2cf947a0-a7d8-4113-a80c-6e217dd2a351,Intel Core i9-4875K,3663.83
0a034dae-7146-4c7b-b89e-f561a1b98dc5,Intel Core i7-4114K,2184.29
2d70787e-20ee-4287-bf54-4099224cff97,Intel Core i9-8286K,2999.2
18dce758-7f9f-4072-b506-0e63af4c7ae4,Intel Core i9-7169K,2301.38
e5489448-71b2-4ab2-b8ab-924717aa8669,Intel Core i1-4557K,4486.49
b4efe7e8-8a57-4beb-9833-45b18a98ef0a,Intel Core i2-5908K,4598.71
fc07f04a-467a-4cbb-8c25-8612bfbb319d,Intel Core i9-5958K,1072.37
a85408ca-12be-49fa-8ba7-202adc6fd17b,Intel Core i9-7568K,1803.41
45ccf100-1659-4823-957b-5421c1424f84,Intel Core i3-9874K,2310.96
a81cdb23-fd7e-4966-a2e6-fb2de42576d9,Intel Core i9-3592K,4948.2
5767a36c-d66e-47e7-88a2-b0af406c340d,Intel Core i1-6706K,4130.8
812e6f1b-07e0-4983-b1da-ce0f0038676f,Intel Core i1-2264K,2356.38
546cfd83-fd2f-47f4-95aa-de4bdc3dc962,Intel Core i5-8506K,1852.12
a506945d-ac4d-4147-86da-0731108e7164,Intel Core i6-7857K,3697.82
85bcebe7-cb2a-4dfd-8aec-48e5230e18c6,Intel Core i6-3717K,4350.8
dc0c1e81-3c64-4426-adad-e54fcdd83f3b,Intel Core i3-5620K,4728.75
791f8e06-b818-4fe0-b20e-25a905e0efd9,Intel Core i5-7529K,2375.4
1c3d1264-5207-408f-b556-a13d09db0873,Intel Core i7-5784K,4529.57
a919e32b-c71d-4992-87d3-87a4caa5ba58,Intel Core i4-8757K,3748.44
6f84a40f-8159-430a-a2a7-15e77ad527a0,Intel Core i2-3461K,2937.99
1261dd9f-ad94-40bc-b54d-c6614b0e966e,Intel Core i1-2523K,4942.03
e25096f4-a028-4c15-90b5-67cb61a1a850,Intel Core i2-7327K,1938.56
05e432a4-77a8-4946-88ca-20345502e7e1,Intel Core i7-1901K,3901.86
c785ab95-c25a-4938-bd65-781ad6d86810,Intel Core i7-6138K,1338.72
5d3edd04-fd3f-4d94-b20f-ce7ca38172cb,Intel Core i7-2518K,1678.78
6a197ab4-4206-4aea-95c7-6aa2819ade84,Intel Core i8-1442K,4643.95
d0b2eaad-0de7-4526-ac42-2d870e02b691,Intel Core i2-8516K,1851.87
9752b1c0-2e59-4208-9ba0-7fb5bea28578,Intel Core i7-2887K,4036.46
82304552-1ac6-4661-945a-1c7dee14128d,Intel Core i7-4312K,3400.84
b6fdc14c-1b03-4ef6-9f83-5f712044855b,Intel Core i7-9584K,4364.53
0680ea70-5b9d-4c5d-ac19-44989de70172,Intel Core i4-6878K,2472.43
3cd088d9-73e5-4b9c-88eb-3b34000e9d5e,Intel Core i6-5110K,2361.14
0e76eb63-3b0e-4bad-9e4c-7b3a32269f80,Intel Core i5-2487K,2164.86
de9f15f0-5151-48ea-8bf1-8ad305d99fc0,Intel Core i5-4784K,4469.68
4df70f8b-5cba-4def-9917-aa7873c95660,Intel Core i5-4722K,3415.93
396baea4-344b-42d7-93e9-3143254e898f,Intel Core i1-9989K,4817.23
3cbc1f9a-32c9-4acd-bced-718d0177c169,Intel Core i5-5826K,4549.06
c71bf719-ce96-4e1d-a338-49a8e020b31d,Intel Core i8-4844K,1541.38
c54b5735-5092-46ee-8da7-1b2599cdada4,Intel Core i8-4659K,3204.68
651ea6b0-6aa7-42b7-a558-2608f540fc1f,Intel Core i3-8929K,1417.1
fa67e18f-2619-471a-a90f-df193bea5430,Intel Core i9-6920K,1156.55
32f0763a-3685-4ffc-8198-7938e014dc03,Intel Core i6-8823K,1292.77
2d364d8e-258a-4011-a231-30dd676d97aa,Intel Core i3-3551K,4464.67
fda76379-23ab-4634-ae08-3f8d9b6f3940,Intel Core i9-1331K,4152.47
c59dca0e-37a2-4dc2-b269-a51fadddb0d2,Intel Core i4-9513K,4314.02
d187cdc2-c875-46eb-88fa-e88e686bd9b8,Intel Core i1-1565K,2363.59
27fa9a5b-f065-4b80-a3b4-ea0036f1a5dd,Intel Core i2-4593K,3460.74
be639807-6b02-4417-8117-60fc0d69b0df,Intel Core i9-7154K,4127.61
a1fa2802-2a94-40c3-953c-bda80763a86d,Intel Core i6-3215K,2512.16
266a4d29-ffcd-4cab-947d-7899fb843a3b,Intel Core i1-6242K,3283.13
f80a7c6f-ea54-4750-87e5-b50abb97ab5d,Intel Core i5-6411K,1894.86
e44ba209-9351-4e07-8733-ae1321adf3e4,Intel Core i1-6148K,1326.97
aad7e34a-4888-4677-8e30-40d10acf2a18,Intel Core i7-6412K,2066.89
7e492c9c-12e6-4596-99de-c1d630cd6099,Intel Core i5-1915K,4563.07
941f49af-3e09-498e-a7a4-4a6e72ac29cd,Intel Core i6-3551K,3257.79
a1ebb983-e34a-4fd5-9979-d9e94ee6bdf7,Intel Core i9-8761K,4700.27
9838088f-eaf3-4275-a932-ed4d44692964,Intel Core i5-4586K,2831.08
4324f088-a523-4f80-bc59-b807c15dbdf2,Intel Core i1-9282K,2108.73
35342b1e-3495-45b4-8bf5-f0f3bfe60631,Intel Core i4-7523K,4148.06
1c80fedd-2512-4255-bfcb-448effa7e7f6,Intel Core i5-9580K,4311.07
565cc957-7a7e-4db3-b1d2-8d189f70e964,Intel Core i8-3784K,1049.53
5f751f2a-4be7-4747-9e06-9bba5fc90625,Intel Core i2-9615K,3681.65
01af838a-6d7c-4ba1-ba8f-78ac20fe8ca1,Intel Core i9-1588K,1366.73
76bb836c-8af0-475f-b9b9-faff32b6a03f,Intel Core i3-2372K,1460.41
8e8475e3-e82a-4fca-aee0-a7a7fae1d114,Intel Core i6-6537K,4540.24
3dc7a067-a2a0-40fc-a14a-14fe9a305fd1,Intel Core i7-8722K,1160.09
74cf6bfb-1a26-42c9-99e0-71e6eb505c66,Intel Core i3-5519K,1958.53
b88f94fd-3a43-426c-b03d-54fb4ca22768,Intel Core i9-1390K,4952.63
106ead19-77c3-4000-b73a-0775ba4daa67,Intel Core i2-8168K,2684.05
58b52783-70c8-43ed-8a9e-367e1f5311b5,Intel Core i7-5669K,1462.23
7cb422f6-aed3-467e-868b-93878789ed06,Intel Core i8-1266K,1669.53
048b05ad-20c0-4585-b0eb-ca2bebd072d4,Intel Core i1-1270K,1965.68
2b6c0d31-a15c-44a0-b300-72d472e883aa,Intel Core i9-9692K,3976.03
209032cc-7fb7-4e3c-a518-df4ec9482daf,Intel Core i6-8484K,1411.34
6760f112-d57b-4b1e-a1b8-19983f8a56b2,Intel Core i2-9693K,4643.06
baf20920-a1a9-4da8-85c6-cce5616e40bc,Intel Core i1-6721K,2513.11
717aa5b0-6e52-4ea5-ad1b-ce5e58b61c0a,Intel Core i1-7754K,4881.06
2869d30f-6df6-40d9-ac54-1cdc05072656,Intel Core i5-6865K,4636.89
0ae06fe3-8c68-471e-91fa-ebd6df39c360,Intel Core i9-3139K,2176.09
67fcb454-dae6-4172-ad0e-60c5f09d467f,Intel Core i9-3951K,2013.64
bb67ed29-13e5-4e89-9834-0db7c4758aad,Intel Core i2-1875K,2908.04
fd059412-45f3-4fac-b01d-3e1f60627c54,Intel Core i3-7436K,1400.52
b21c7a91-c6af-4215-9a10-6d6923cc91a4,Intel Core i6-6413K,3608.2
9ddc2dc2-4afe-442f-81a8-52d6ffc8251e,Intel Core i6-8477K,1158.48
464ad9f6-ab9b-43e7-a7df-f1f80eb13813,Intel Core i7-9267K,1042.02
e00fa377-4928-4707-9677-30e79b27eb5a,Intel Core i5-3397K,4930.33
4179b429-b3a2-4932-9a82-10b46e200719,Intel Core i7-2106K,2182.2
81e23e6c-d096-4c2e-a679-8b7542a33d4f,Intel Core i8-7912K,3386.28
048c6e8c-2a00-4249-9aec-442c7614c640,Intel Core i3-9242K,2799.38
5a118ae2-8e2d-415d-8cc1-8d669f543175,Intel Core i8-7440K,2253.12
30a25208-3b94-4395-b1ad-418cf4601ccc,Intel Core i1-9486K,1251.86
1f8e77f0-c9ec-44f1-888d-a41af9aa30d3,Intel Core i3-6462K,4653.57
26e0dfa2-6396-4f2b-9937-8e7cdb338a16,Intel Core i9-3318K,4879.25
7b2c56a8-294c-4d7c-bd1d-c16b3eaaca9f,Intel Core i1-9469K,4879.19
5c89eb62-7132-47cd-9d05-be127a0a500e,Intel Core i1-9463K,1445.45
809af313-2bf3-4935-ac38-8a0f7b6b2837,Intel Core i9-2489K,1860.77
6bbd99b8-1ccd-4dbc-bbfc-d7cbdf4a75d8,Intel Core i2-1767K,3471.23
3c07148f-0edc-420f-b4c4-031612f7cb72,Intel Core i2-8118K,4919.81
20e3c4ae-4f15-4715-892f-10cf1f4d28a7,Intel Core i1-1583K,3171.65
42af4ea7-d43e-4d81-a7fc-148181df7b1a,Intel Core i7-3374K,3752.76
81cfd52e-985f-43f0-8555-b8a2a32bf283,Intel Core i9-8985K,3647.34
1b03269e-ea69-4e63-b776-ab74a5c155d3,Intel Core i3-7768K,2036.34
515d2f88-63e8-451c-b5e5-ef232396a0fc,Intel Core i5-6337K,3166.41
df01f9cd-d7c5-4117-b5c8-f534a3873947,Intel Core i5-3249K,2229.28
faf0f8ac-aed5-442e-b559-d14879d8b8ce,Intel Core i3-5555K,1985.52
dff563a8-36f6-4897-ae55-f7235fc3701a,Intel Core i7-5845K,1325.48
de529e3e-3a1d-4b00-96a2-b509ee0d2860,Intel Core i3-5402K,2123.15
0cea19f1-a903-4ea1-8964-a899d606c639,Intel Core i9-4931K,4933.51
3bcd8577-0bca-4384-aaa2-8cc200a49133,Intel Core i3-9863K,2791.61
7d1066f7-3aa8-4e61-97cc-7857c3d784cd,Intel Core i2-2363K,3608.04
da0a277e-c81e-4636-b745-5e895a2154a6,Intel Core i7-7700K,3573.86
c5b0800a-2b80-4622-af09-90d1c7a9d4ab,Intel Core i3-9929K,4762.94
4b106465-3011-4455-a6fc-66c969ddda76,Intel Core i7-3513K,2561.91
22c1d9bc-24c3-466e-8318-90d2cabb9001,Intel Core i6-3436K,2227.14
74c5dd18-edde-48df-a479-9139fccbd838,Intel Core i6-8942K,2308.97
f9ea817d-7597-44c5-8ed6-e849d666d94d,Intel Core i9-5441K,2266.94
53d8d2b7-b0ae-47c9-84f1-84231c376b0e,Intel Core i5-2670K,4388.54
75bb66a8-146e-441e-8b35-b12b365b931d,Intel Core i1-1674K,4574.0
e733eedf-89f8-48e5-861c-9983f69e53c0,Intel Core i2-2722K,2211.24
aa7e48d7-005c-4d6c-9b6c-3bbbc22f0fe9,Intel Core i4-9993K,2337.33
b2948e75-8c12-487b-b64d-2add9b4e5df5,Intel Core i4-7961K,3176.9
708e56ca-ef43-480b-9217-94c109a7b0a2,Intel Core i5-1229K,3315.94
e8c702d6-3bca-4cfe-a40d-a0a7c999ba4a,Intel Core i7-8939K,3383.85
e0c22120-d9d8-4d06-9290-80b385273ecd,Intel Core i5-1393K,1980.39
19237938-6aae-4d39-9e0a-419b645862b4,Intel Core i4-7588K,1081.5
ddb5e087-0685-43e4-96d9-7fdc8be29003,Intel Core i5-8266K,1975.04
56c5cfd7-824a-4537-8f48-3c0b2dc34968,Intel Core i9-1822K,1289.31
183d507c-79ed-4360-ac20-b66ce3b97bc1,Intel Core i4-7907K,3204.82
080e6423-5562-4e6b-a845-cec568eff87b,Intel Core i2-2153K,1283.67
3f165295-615d-4248-a5b7-be3756a2f879,Intel Core i4-3967K,1300.52
25bef118-b47d-40b7-84ef-cb5a90a6a428,Intel Core i7-9638K,3541.53
33f4bb6f-5884-4554-8dbc-31a0a6edc4a2,Intel Core i6-2633K,2163.29
2d3baf68-4d81-4d2b-971b-2ddb0f0353f6,Intel Core i1-3307K,4168.74
33c7c88c-bafd-484a-b069-29f8a18e3f10,Intel Core i1-9247K,2973.04
822346c0-d1d6-4eb6-9589-3500d2f1175c,Intel Core i2-7996K,4450.6
d00bf4bd-8331-4cfb-b072-4ec385f52594,Intel Core i7-5694K,1616.72
f02d0ed6-cd92-4635-8ca7-1d93140996f9,Intel Core i9-8170K,3005.72
2a95ac09-6e0b-4348-99e3-1046651a8799,Intel Core i6-3964K,4179.93
7a88740e-1f8f-4a38-acba-ffc6925839bb,Intel Core i6-7741K,1308.43
cb8289d4-32eb-4e17-8ce2-7ee0dec66ed2,Intel Core i2-1980K,4796.91
8827ebc2-b649-4091-a28b-6a68364255cc,Intel Core i6-6601K,1692.97
069c5df7-5eab-4216-8d54-ef5cd6c2e0d3,Intel Core i6-2880K,4104.84
6f663867-192a-481d-9d63-0be8526a7d11,Intel Core i8-6918K,4939.58
373331d2-8c29-4098-9540-32da6ea411e9,Intel Core i3-6680K,4286.2
37e6f01b-de15-429c-94b1-5e61e5b44155,Intel Core i3-2732K,2279.14
fb906030-9a33-4599-baeb-24561a93fd17,Intel Core i7-6658K,1427.51
e932a999-82c9-4213-a748-e61c6f737743,Intel Core i6-1249K,3057.43
4b9e2d29-911f-448e-8a52-06c0f8822758,Intel Core i7-9534K,4677.43
8f475f23-13fc-4687-a5b6-be0a4670a106,Intel Core i2-2399K,2173.96
77fb7fd8-c749-42f5-91f7-c88e2298bc2b,Intel Core i2-3546K,4575.04
94527564-3ac1-4447-a03d-5d2a6f897257,Intel Core i4-4284K,1566.72
57c589f9-0d2a-4100-854c-c7ed8456dcec,Intel Core i1-9547K,4641.93
5baea86b-6e92-4261-b292-b539bbfb48e2,Intel Core i2-9638K,1127.04
00ad5c98-bfb2-486c-9e68-6df9298e2897,Intel Core i9-3154K,2264.27
3699bdf6-2230-4ea0-8050-76e4543e41c8,Intel Core i1-1675K,4612.35
a25321ba-1dd8-4472-9e4a-8497025cfcda,Intel Core i9-1962K,4215.43
054ca376-8676-4605-a65d-f5139eef8bf8,Intel Core i4-4262K,4628.62
c3f1fabc-93ee-49da-852d-65d02a80b44e,Intel Core i9-2592K,4362.87
dee38fe4-85c8-49c6-914e-c1e2057037fa,Intel Core i1-6873K,3984.74
2d98495a-8e08-4b37-9a98-893225c75c37,Intel Core i6-4159K,3758.38
49088021-4161-4c88-b585-f040aa3c197a,Intel Core i1-3507K,1712.62
02ab9654-6cd5-4fb5-859e-efa3cb8d5b36,Intel Core i1-4280K,2730.55
53abd469-226c-4193-8826-23fb02d9c1b3,Intel Core i1-9482K,1631.59
6bf4caf5-db11-42a5-8b5e-01c62e24b75e,Intel Core i5-4837K,3859.3
ed500664-83cb-42cf-9a20-700345879530,Intel Core i6-7285K,3671.11
5cc528d9-8afe-4748-9338-c8e15d0f0180,Intel Core i3-4539K,2010.35
ccf1bd12-90cc-40ac-82ec-c2bfb5b7e433,Intel Core i8-6196K,1257.66
1bc7351f-a282-4aac-9336-71c519d8d6ec,Intel Core i2-7670K,4853.54
4a93b41d-49f8-4e18-b810-251237e5d208,Intel Core i7-4951K,4233.01
991ae57d-b133-45f6-9b2c-19c9402de31b,Intel Core i9-9879K,3197.08
ddec4a22-9d23-4128-80af-a86c65110b9e,Intel Core i8-8399K,3165.51
96d0ff25-0da5-4433-bbf2-67269fa3eaf3,Intel Core i5-7948K,4405.17
996377df-cfa6-45cf-a9b7-d82195bb9b8f,Intel Core i5-1144K,2813.24
37c6062c-00b8-44fd-b13f-db2569119d1f,Intel Core i6-4977K,2582.84
4f0f11b0-cf8b-4d5c-a028-29ff97fe53c0,Intel Core i8-6373K,2354.68
9126f7da-0761-4294-8306-250f49584b57,Intel Core i1-2666K,2031.88
e82fe2e6-e94f-40e9-baa0-70266615cfaa,Intel Core i9-1504K,1097.63
0404fa16-c5d9-4d2e-b8b3-30bc997cc7bf,Intel Core i6-6560K,3585.76
ce0416d9-ab74-4314-9dd2-a39e3dc94c5b,Intel Core i4-2690K,2666.74
a3d358b1-4905-4117-b513-a3546290a12a,Intel Core i3-5711K,3282.41
67887c21-a93d-449c-88e9-219848b92a2b,Intel Core i4-1395K,1249.29
4f4fc356-1e52-47ee-a2b5-3b828e0c8129,Intel Core i6-5589K,2419.77
3920947c-d755-4d2a-bb71-305ef43a5b8f,Intel Core i9-8266K,1553.14
e8d26a35-7549-498a-9220-8161762424ce,Intel Core i4-1436K,1500.52
1ed8318f-16cf-4b4c-a275-9973be22e361,Intel Core i7-7433K,2036.45
a14d2149-23bd-425d-a0b4-35a797d16e99,Intel Core i5-6192K,4315.74
1817e991-c523-411c-8db4-f9d87e496efa,Intel Core i8-3347K,2591.19
fcd00289-fbd6-4662-8407-bd73eb22f220,Intel Core i7-9605K,2604.33
1d64f909-e920-4b61-acc7-4f86e7e543d4,Intel Core i6-2587K,3449.78
ea34b99f-884a-450d-80f9-a0c9a3c7a757,Intel Core i7-1584K,1934.12
702c68fb-1c74-4a18-a2b7-3a77ac0441e1,Intel Core i2-9417K,1029.91
dc278194-644e-4c60-add8-3174d5413a0f,Intel Core i7-6494K,3114.81
849ba193-d203-4536-b6f6-f1d1db421cd2,Intel Core i9-9901K,3003.6
6408e540-fe9a-4c2c-bc0f-f8d1d9b14800,Intel Core i5-1222K,3595.36
02298cd3-6c81-4d54-9aba-28a968a54d8f,Intel Core i1-7130K,2753.27
9cf0bc6c-070a-4751-8aac-89a6b8c9c70c,Intel Core i1-1910K,3746.05
35899de3-c51b-4d4d-a31d-156bb31ab9ab,Intel Core i1-1955K,3925.69
130dc622-0c05-475e-acd8-6c03eb3bbbe3,Intel Core i4-5537K,1953.5
b3f7985d-0f45-48c4-b9af-7843eab21828,Intel Core i9-5498K,2980.29
20ce003a-7de2-46a0-9ad8-e96cd23efda0,Intel Core i7-1423K,2915.31
5e4d6605-34fe-4cd8-89f2-b331aa433e7f,Intel Core i1-6687K,1900.25
f182e178-73a1-45b4-b7d9-477100246b23,Intel Core i1-3961K,2648.98
901d870e-c16e-4cad-bd72-c1b3281aec57,Intel Core i4-4312K,3241.63
e4993930-0b3f-47af-9a77-68599ee4a8a8,Intel Core i1-6341K,4627.76
810ebea1-18c2-47be-a6ea-5f8ee5255330,Intel Core i3-4117K,4670.83
2c4ad3cd-5a9a-4e21-aab2-11e349375c4e,Intel Core i1-2845K,2100.9
1c900fb7-7320-4af9-8c12-1a782e18812f,Intel Core i3-2133K,3585.66
b793e0e7-b646-4bb6-ae8d-55a6d697349d,Intel Core i2-2430K,1192.79
9778f74f-bac8-4720-ac80-88dee9c398d6,Intel Core i9-7444K,1286.21
9331823c-342e-4278-a1dc-30f246153b00,Intel Core i4-6604K,3046.77
be07cfac-069d-4783-84ac-254ce4ff92bd,Intel Core i7-7257K,4509.7
2f96673e-0556-4450-acc5-f87bdfe8a211,Intel Core i8-6363K,1637.87
153c5f29-0eb1-4711-af0a-20fbca4b8eb0,Intel Core i4-2791K,4064.11
e97bf53c-ee74-4cfd-bf3d-1adbd58d9345,Intel Core i5-6648K,4532.04
22be70ec-d2d8-4107-aa46-22e2f4c04824,Intel Core i6-6667K,2247.21
ef8b19a9-756a-48eb-9ac3-fd06ae008d72,Intel Core i9-1667K,3770.23
50287614-0291-4796-bc02-bab0a3f262c9,Intel Core i3-5324K,4395.96
50e9d1cb-2f56-4097-a4a3-60c5f5c3254d,Intel Core i3-8382K,2486.46
bd4ff1fb-773f-4e92-8d4c-0ec1603407b5,Intel Core i2-5422K,3805.13
b29d134b-62d7-49ea-8f43-95a27b3c26e4,Intel Core i3-5855K,3945.67
844db402-4957-4d4d-8b35-86602a3b6c6d,Intel Core i7-3941K,3378.31
707c6ea7-1a2d-4812-941e-d6746ce6be7f,Intel Core i2-3657K,4425.11
45d83a41-e5a2-422e-b153-ebaa4d6df4c4,Intel Core i8-9112K,4586.42
cd1faeab-76bc-45c8-b1db-c988bc30b287,Intel Core i6-6903K,4840.32
cf9395d6-3723-4e08-954e-3787ed4ec91f,Intel Core i6-6258K,3284.93
2888c46f-aacf-4b7a-afe7-d1b715fb702d,Intel Core i1-5426K,1705.1
5090f432-c6a8-4c3a-86c6-7b606cb89300,Intel Core i5-6703K,2002.38
5be184f2-72cf-43eb-86a2-3c6724641dd7,Intel Core i1-4535K,1870.47
b5064d58-3bfe-4de1-8510-3d7fa2a60bf3,Intel Core i4-2390K,3278.07
e5519ffa-114a-4620-ace9-987d3be98494,Intel Core i9-5335K,4031.0
99eb6f51-4bc0-4d81-b7e5-a81a281e0d6f,Intel Core i2-5923K,1208.53
841398b1-e373-461d-a356-d92a61ea29f6,Intel Core i9-7888K,3726.55
2f14c821-9791-4ee8-a5b4-15e7e72196c4,Intel Core i8-3998K,3868.61
b4e7a03d-9d19-4100-80a1-f2590dad5e05,Intel Core i7-2553K,2391.93
44fc0fb6-956d-4a40-a46a-e019a4818dc4,Intel Core i3-3433K,3060.22
472a1d7b-3487-47ab-8db9-7af95d2e9927,Intel Core i8-6302K,1659.19
1302f5ee-b101-4ff1-8102-5e215ec9cb79,Intel Core i2-4405K,3919.58
31a6be9b-6b1f-489e-aca4-252aeb14ed16,Intel Core i4-6317K,1162.83
cc573029-9c7e-4091-a3cc-35a53280aa88,Intel Core i4-6890K,4924.88
808fb23e-8892-4a55-8076-1a2570ce5399,Intel Core i1-6880K,4231.77
e0cec7e2-4b82-448c-b5bc-0d3a4fce28bb,Intel Core i3-8285K,3513.79
5ceeb346-bb8d-43f6-be0d-a378302e4f4c,Intel Core i5-6285K,2070.1
c1b53f9f-6e5a-4d89-a671-3be94fa7a7d4,Intel Core i7-2575K,4651.45
1261b504-6e0e-4ac4-83a6-7572907c60e0,Intel Core i1-3615K,4837.76
678b6c5f-950d-4f8a-b3b5-f6b8cc737627,Intel Core i5-5535K,1556.5
2c957804-9ad9-48e8-98e1-6745fcab8441,Intel Core i1-5376K,4103.03
a1141868-b337-435f-a0f0-85040a47ddd7,Intel Core i2-7740K,4367.72
12a4db1e-36a1-4222-bc55-b37dfba2f7f1,Intel Core i5-6893K,3638.87
4690453c-4f91-4090-99cb-0557f72f7e2a,Intel Core i5-3694K,3801.63
3bbb4e42-1e97-4263-92f3-f09f23adced4,Intel Core i2-7625K,2780.23
36cdd3bf-e365-467c-8799-6e31c4ef0481,Intel Core i4-7889K,4697.23
90a980fd-80a4-468a-8385-346164b7d1ae,Intel Core i4-1427K,4884.83
e2513b0e-9b94-48b5-b56d-7d2d8b914be3,Intel Core i1-9911K,2529.41
0c8e81a5-f83d-462f-96a6-6c9f5817530c,Intel Core i8-6979K,4210.85
6611084d-c44b-4c1c-9a97-e973a0e4955a,Intel Core i8-7129K,2731.69
f29baec3-6a9b-49b8-ae3a-2bacfda261b3,Intel Core i9-8368K,1659.02
efa3d736-93f3-4b69-90a1-cc9e11980601,Intel Core i6-1699K,2301.87
4f39611f-0f72-4ea2-9f03-cb9af232c8ba,Intel Core i4-9557K,1505.32
19a3eebd-89c5-4dd7-b9ae-555a485c0a0f,Intel Core i6-4317K,4635.54
c252cb47-226f-4131-afe9-587f8c4f6efa,Intel Core i1-6627K,4837.7
ff8acb02-6868-435f-afc6-e05ee92fc451,Intel Core i8-8129K,1476.75
907caa98-61b5-4323-838c-3b62cc0610aa,Intel Core i1-8393K,3402.72
b7cc52ca-18c4-42b2-a452-152c38502a50,Intel Core i7-8283K,2632.9
d5b49d4a-b891-4388-8eff-584cc89fe770,Intel Core i3-3654K,1472.36
8442cc42-c53c-4bde-830d-538513f84016,Intel Core i9-5422K,2181.9
07839eac-2c03-4962-a13b-4a7050b6e479,Intel Core i8-8986K,1992.87
bcd4b6bd-dbbc-4edb-86d8-76ad52078c78,Intel Core i3-9984K,3998.31
16124a95-9684-4e9f-97b1-84ce186160f5,Intel Core i4-5349K,1016.04
20050e23-f6db-4198-99b0-ab0dca45c094,Intel Core i2-7705K,1759.35
c03b8e51-ef7e-476e-81fa-7125e0671a8f,Intel Core i8-8982K,2755.09
561bea54-1880-49ac-9901-1ff337495b73,Intel Core i4-1275K,1084.14
2187ae4a-4cf3-4e85-b041-45cccca9ab50,Intel Core i9-7311K,3510.11
da6988a2-9da8-43f1-9d05-24806b9a1448,Intel Core i3-8876K,3422.51
ab30dc18-f6c1-4878-97ac-afce9cfca34b,Intel Core i1-4889K,4341.33
75945e5e-bbd6-4afd-b599-df29f560926a,Intel Core i5-6376K,1826.42
47de8e55-215c-4cda-9ee9-d13c59ecd650,Intel Core i3-1994K,2139.13
277dcf09-88e0-44c4-9db9-277bbef52cf4,Intel Core i9-4801K,3169.36
ca11b345-8805-4929-9dc1-513812c17a58,Intel Core i6-2757K,2092.9
e18d6c4e-fb8d-4776-bc05-d28834d8dfdf,Intel Core i5-7807K,3342.95
2546443b-f9d3-4362-9cd1-ec9acd7dbd58,Intel Core i2-3758K,2003.53
a0275ec6-c712-4ac5-930b-ff944f96acac,Intel Core i8-9386K,3734.11
d13bfb06-d860-4874-871e-743e952b76b5,Intel Core i6-3452K,4164.36
a034ada0-a145-4537-96e9-9625e727c97a,Intel Core i8-3233K,4234.62
2ba91163-7df7-4383-b160-b2a5a57bb097,Intel Core i1-8316K,4894.46
3c81bba9-464e-4598-9cc7-8015b8f7e8a6,Intel Core i6-5758K,3181.51
180db59b-af57-42b7-91fa-b23759625b6b,Intel Core i8-8506K,2963.24
935f435f-4285-4374-b404-7b6f1a020027,Intel Core i7-6549K,4422.79
1fcf6bb6-7ebc-47f1-a9b6-b3992c946945,Intel Core i8-3821K,4076.27
84e4edaf-fec3-4c78-a277-2d094959113b,Intel Core i2-9227K,3282.18
e64a2ce9-e01f-482e-ab63-9f1a59eb650a,Intel Core i6-8985K,2533.03
0048130a-76d7-4547-bf35-eafad50ecc03,Intel Core i6-9859K,2136.19
cccf1e25-87d6-4953-b3f2-b73216068a7a,Intel Core i7-9457K,1432.56
80f3d583-6207-4c06-8233-0372a6dec105,Intel Core i9-4423K,4230.2
c4f0a492-a5a7-4ccd-ab4c-fcd292bda0ac,Intel Core i1-6705K,1472.29
161e6d1d-b5b3-40ed-8fc2-c22f6c1f5445,Intel Core i6-6705K,3989.06
189ef2aa-d184-4e6b-8dbf-a7277bcdaac8,Intel Core i4-6734K,3181.15
11732892-9f77-4ba2-a3b3-97118ac09faf,Intel Core i1-7662K,4859.78
689415e5-d89c-4398-8804-220f56c6a11a,Intel Core i4-4299K,4044.26
13903380-5b76-4e68-829a-6bb3c36d6f67,Intel Core i7-4595K,4894.08
51790fc8-6ba8-47ff-ab78-50f35a29b372,Intel Core i1-6216K,1546.38
1e7188ca-ecaf-4f70-83f8-23fce033e6c1,Intel Core i2-9362K,3001.49
46f43d37-4fb9-46d8-9d8c-a79f7727ce16,Intel Core i7-7652K,3290.31
9f4508c7-421e-4308-9372-0abf6ea0016a,Intel Core i5-4488K,2245.01
218e9287-e920-42bd-af65-4ad9a45b3f52,Intel Core i9-3322K,3012.13
8da490e4-08d2-4c35-9d22-094efe81f04b,Intel Core i9-3717K,2427.28
b5dccc26-5f8f-44d6-9ff4-2403d09392ef,Intel Core i6-3125K,3113.58
8e673006-5d63-4636-ab03-3ca38596d29d,Intel Core i4-4852K,1003.38
9bd9b300-a053-4b24-9af2-752605051ce6,Intel Core i1-2397K,2769.26
9286a63e-28bb-4621-b0eb-06c6e8bde217,Intel Core i3-4687K,2798.21
984e924a-b1d9-4108-9beb-ac2f7658e974,Intel Core i6-2724K,2219.2
ca56b5c3-df97-42f5-934f-5f5969e6c7a1,Intel Core i9-8470K,2597.61
40160927-ced7-46a1-8fbe-0b57ced25768,Intel Core i1-5133K,4132.35
cc762f55-1ba9-4985-98bd-d82fa84925f1,Intel Core i4-2248K,3733.65
ac3feb95-80b6-4c0e-9d33-e7d7a81cda50,Intel Core i6-2816K,2969.2
0d82f70b-d508-454f-a761-542d78dd781c,Intel Core i8-5398K,3590.67
de8f9493-3f81-4ab1-bbe5-779415d65b90,Intel Core i6-7765K,2510.23
bae7217c-1332-4f68-aaff-2167fb6fbeb1,Intel Core i9-4465K,1815.66
eed2bb4e-9840-4604-b4ce-5c78398b0947,Intel Core i4-4112K,1015.5
57cb609a-026a-49e1-9e29-d1689ff898ba,Intel Core i8-8236K,2110.49
182a0123-0826-43be-b371-00afaabcf8d6,Intel Core i9-1102K,3392.66
8f66a8be-d2fd-44dd-92fe-a8ccd5749ae4,Intel Core i7-3464K,4526.65
83c326a7-f5b8-4421-89e4-d1253aa6a241,Intel Core i6-1956K,4317.68
4869b4c8-0321-4d81-b169-87a34216a84a,Intel Core i9-6172K,3043.84
866cafad-d8a4-4ce5-a0b9-fc719c08cdac,Intel Core i4-2751K,4948.07
0932c991-ff43-4a8b-abe5-796d45a9e163,Intel Core i6-3320K,2846.32
8b54872f-f606-4903-9e0a-f4b7554a73d8,Intel Core i8-1840K,4338.37
67e08a8b-1899-4310-9be7-1e90145cf4c9,Intel Core i7-2819K,2635.86
2b5e3589-852b-450a-86cc-304467f01205,Intel Core i9-2389K,3978.52
1bf5eb31-d79d-47ab-97b7-a2c8682a0c67,Intel Core i9-7486K,4950.37
b055f8e2-8b29-4e50-b039-556471daf0a7,Intel Core i8-6886K,2221.35
ab915fa9-58e0-4437-a645-4102aafa9b96,Intel Core i4-6211K,1681.25
da934b56-f0ec-4f79-8fee-76b83723f32b,Intel Core i2-4215K,3480.13
b0c44d9a-0187-4b5d-907b-bfc76d9d7501,Intel Core i1-9791K,3123.82
05fc80e1-c8ce-4aed-9b5c-81f029d8d767,Intel Core i5-8131K,2437.69
730f19f7-4e43-466a-a0e2-57519c9b3214,Intel Core i9-5796K,1014.08
5c9061a5-13ea-405b-b3c6-3402a3d10bc8,Intel Core i1-5809K,2556.65
0e8062ea-6647-4dc5-85db-c96959cb8a2c,Intel Core i5-6873K,2703.48
22a5db08-aa55-423f-8c18-f54253320c84,Intel Core i1-5978K,2621.01
ffdcc8bb-cdcc-4cc8-81e7-e3399d9f79a8,Intel Core i8-5327K,4444.98
0737d38e-a576-47d5-97be-70d12dacdf2b,Intel Core i7-7958K,3337.71
53f4f5f4-95ac-4cdf-9188-1084f54747a5,Intel Core i8-4596K,3935.32
1dd051bb-b51e-4f97-bbe2-b26d85d79f99,Intel Core i3-8201K,4591.64
4663c842-069d-41a9-8b03-bd494e740e8c,Intel Core i5-9554K,3995.09
fff9531b-8a8e-43ac-b937-9822183716b7,Intel Core i9-3821K,2970.81
0cfad859-851c-4511-bce7-501373495b14,Intel Core i8-6907K,3983.07
ef0c438d-9e47-4cb6-92a7-49dc2d81e210,Intel Core i1-9452K,3561.42
914bd6bb-e230-4249-a4a6-b0f0cf7e372a,Intel Core i2-8549K,3594.98
d4afe788-13e3-4ff2-a335-c85ac81b421a,Intel Core i9-1704K,3518.7
22bfa138-ae4e-4c04-80a6-8d85e79a1b17,Intel Core i6-8211K,2628.0
1d205fd6-e1b2-4c4c-a7a5-cbacb6018a9b,Intel Core i9-6197K,3517.05
8ea226fd-987c-4a78-8aa3-5f226dd3aa53,Intel Core i1-2132K,3534.93
2881964a-7843-422a-b416-ef94495f0e52,Intel Core i9-5418K,4748.47
a5a53d45-185a-43c5-8175-a90f6fecd369,Intel Core i3-4428K,4129.89
bb61bb0c-66db-4bb3-bf1b-2307b93898bd,Intel Core i6-7518K,4385.07
97e63f51-4583-4fa9-b4eb-26dc42a2fc4e,Intel Core i5-4292K,4070.0
335beb84-89f8-4b26-8399-9ae45b1f2625,Intel Core i1-1794K,4261.3
9d3dc5ba-e7d7-4ac2-941a-a129a3395af6,Intel Core i8-7794K,3421.85
4cc70ece-bd20-489e-97f4-95ca55c5eb2f,Intel Core i4-1712K,2397.8
29bdd72e-b078-41c9-8af2-4cd65beb6ad7,Intel Core i6-9365K,2058.33
1cf39107-27de-4347-9435-bba103f98fd9,Intel Core i4-1623K,3832.08
948f3716-3428-4997-977d-2a88a6879f4c,Intel Core i6-4417K,4495.77
a0c98abd-22b5-432e-84a5-8ab26f3ea421,Intel Core i9-7242K,3176.99
a9fd02c4-c2ab-4288-956f-cdb040d42abe,Intel Core i1-8579K,1608.28
1bb19109-ffe3-41de-8b0c-6f26aa19007e,Intel Core i4-3744K,4331.9
1446256d-78e2-45f6-81ae-d98cee8fc09e,Intel Core i8-9106K,2938.17
4d1c4477-3358-44bd-895f-cc354d699c16,Intel Core i8-2523K,2868.41
e783bdd5-80b5-4020-8390-c8460c604342,Intel Core i4-9696K,1181.55
415d3bbb-0d1e-434a-9e56-e16b197af09a,Intel Core i4-8213K,3041.12
317b62a3-19da-4f99-b1c3-c15bc942bbc3,Intel Core i6-7727K,3978.99
4f854eb7-6187-4cec-bde5-41c891dee99a,Intel Core i1-7386K,2690.39
3a399d2a-edd1-4368-bc95-c5904c819089,Intel Core i1-5762K,2420.71
b988a351-6126-484e-8316-0226e4d28ea1,Intel Core i2-4596K,3627.37
01bb3e70-5325-4f3b-9ed9-c77bd8b2c49b,Intel Core i7-5979K,1078.97
62a6f7df-359f-4f68-9cd5-e0a18e490202,Intel Core i3-9915K,3028.65
dd52367d-76de-4b8f-91f7-9e1d1080a0f8,Intel Core i9-2640K,4784.51
1c7b2351-032d-45a7-9e97-5d774057b32a,Intel Core i2-5374K,3761.79
997de2e8-ab7b-4afb-92e1-f948df79654c,Intel Core i7-1816K,2607.69
b98cd4e8-5d3c-4c75-bb2b-215ad5d1a93f,Intel Core i9-7892K,3755.63
9b374bca-9e5e-42b6-b4e8-09b269514f36,Intel Core i1-7138K,3419.98
077ed4c3-8210-404b-999b-7238ff2adc44,Intel Core i2-4169K,1835.56
53bc6d0b-012f-4f03-ac11-79cd810bf843,Intel Core i5-1671K,1830.83
741dcebc-356e-484d-8ef4-57d13ed781f8,Intel Core i2-1501K,4544.1
a937b036-beac-469d-8871-5378d5786686,Intel Core i2-9854K,2076.28
a2a60138-5a7d-435c-aa4a-6826801b4e61,Intel Core i6-3695K,1299.54
29d09dae-899e-4c0b-bb3b-618a2671f8fa,Intel Core i6-4483K,4322.71
b06d6161-14bc-46c1-8719-e3d7c2fb6a10,Intel Core i5-9634K,3092.79
1f563d69-dadc-428c-a3e5-77a4acca7ffc,Intel Core i1-8549K,2472.83
ae2ad062-a08c-4126-834d-0964d12a8cba,Intel Core i4-3232K,3046.08
4cb91b1e-8f1f-48c7-810b-e5db9d47b8ad,Intel Core i4-3346K,3946.9
b583a8f8-9c36-415e-bbbf-022562ff1774,Intel Core i2-6789K,1674.21
217a1368-e47f-489a-bb5c-2c094278dd6e,Intel Core i1-8432K,3612.27
2a5b04a7-4bf4-45ef-a4c8-45c8443b2cb9,Intel Core i5-4561K,3853.75
26c30163-9aa5-4de5-ac8f-08caf82792bb,Intel Core i6-2287K,4260.01
dd2794f2-ae05-4ffc-9fb0-8deac4fd2a41,Intel Core i2-9813K,2079.04
5e09272c-f358-408b-bd00-63952772242e,Intel Core i1-3887K,3438.67
f6973842-7b19-4791-bd00-02ed86486bfc,Intel Core i2-4168K,1928.46
4483b159-dad7-4665-86bb-5774ba1f1499,Intel Core i4-9534K,3244.18
63bf89a7-da8a-4322-8dab-69602b21d8ed,Intel Core i6-5544K,1689.45
4de411d9-8f69-4b37-ad50-68c40a2ae7ad,Intel Core i1-8100K,4159.07
e1775cdc-ea3a-4b7f-bf73-58278f27d2d9,Intel Core i6-8531K,4466.87
044a95c0-43e4-42db-a3c5-ec52464b13a7,Intel Core i2-4113K,2318.57
4c31014f-8b11-4ead-8c73-a7ff4cf5f793,Intel Core i1-8132K,1889.27
969fe7f6-6577-458d-b6b1-6328a8501ef0,Intel Core i8-3983K,4855.15
75ff5a78-557d-4cb6-b0ab-5fea423daa6f,Intel Core i3-2103K,3826.76
af1da77c-d187-47d2-995c-39fee9e8f52d,Intel Core i2-9925K,4375.17
4db53da7-767d-44ab-be56-5fe8bd4d20e1,Intel Core i7-1943K,1122.14
5f1d4e02-e071-4bb7-a7e1-c04cc3ba9ba3,Intel Core i5-9745K,4597.57
dd94cb3d-91d9-41ac-98ab-de214bde0c89,Intel Core i9-9868K,3489.81
018c7068-19c1-4485-a543-faa8ac5fe682,Intel Core i3-8741K,2266.12
4f391ec6-e45a-4c71-a2db-9a3cecb080d2,Intel Core i4-9129K,2727.06
58185e74-0586-422f-a028-5a308ef054a9,Intel Core i6-3480K,4046.37
d9b817c1-62bc-4154-9f1e-484b40f74b96,Intel Core i1-7856K,4141.65
f247c8ad-dcb5-411f-80d2-7e80ea286b9a,Intel Core i1-3981K,1759.6
ded2dd81-d8fc-46f2-ab39-310cb18dfc46,Intel Core i7-9568K,3503.55
c131848f-eb07-458f-9ca9-eeafba082a3d,Intel Core i4-4590K,1662.52
fda13af3-3ad2-46e6-8b8d-a0addea8f792,Intel Core i9-1564K,4892.2
54b4851d-369e-454b-b736-a7c7952e7fd8,Intel Core i9-9338K,2774.31
cfae026c-b616-4551-972e-0c17af57d6d6,Intel Core i4-8331K,4652.58
ee2bc9c0-6cb0-47a0-acda-d6f0dbd2637b,Intel Core i5-1306K,3912.99
51f3a174-ab5c-4e8f-a7d5-393f5283fd32,Intel Core i7-8310K,3425.04
9a48b3aa-8b87-4ba2-a3be-98703bade789,Intel Core i8-2739K,2047.94
005d27c1-af37-4939-803b-6a0a06423006,Intel Core i3-6931K,3106.37
387b00b0-9d8b-4ed1-a54b-ea0792de4722,Intel Core i9-6777K,1554.48
0bc28389-78b9-42b3-9780-928ecd59941a,Intel Core i8-5793K,1552.39
492a1ebc-f8c3-4d8d-9d21-08a51e17e124,Intel Core i4-7256K,3863.0
cced9440-3c5a-44a3-8bf5-eca42fffe5e6,Intel Core i6-2129K,2444.36
47300516-3c28-4cea-b086-1cc19151621b,Intel Core i8-1869K,4005.51
0bdcebbb-2b71-4815-a3cd-d4cd0c965599,Intel Core i8-6913K,1961.97
42fe17a7-7b78-400b-be71-fe297ab2c9f0,Intel Core i1-5915K,3872.63
0237a924-a342-453d-a7f8-fa4c27a4923f,Intel Core i3-3795K,3873.91
c4e6ad5e-ab47-43c6-a269-97970aebb700,Intel Core i4-8747K,2221.98
73b1c081-ff6f-4573-ad4a-f599f35482c3,Intel Core i5-2508K,1425.54
25c916a9-7811-439f-a846-c23405266151,Intel Core i2-6940K,2588.03
4c30cd90-27d3-4665-8237-830c8731b038,Intel Core i5-2323K,2969.45
ee2403fb-29bb-4d50-9e34-8d155231f010,Intel Core i7-8875K,1399.9
24bda704-6cc1-41a7-aacb-7d73cea378b8,Intel Core i8-2119K,1747.05
bdd83fff-ee6c-488a-8b74-7eae587ee5d5,Intel Core i5-1500K,1221.37
30d8f3f4-2715-4630-ad1c-4ffd2c4e3746,Intel Core i9-8642K,3390.05
ee519c08-84dc-4f9d-bef7-85681ab9fae5,Intel Core i6-4407K,4555.5
da5d1201-ff8e-4ffe-8d1b-e791e020ed12,Intel Core i1-8950K,1866.23
df581d44-5a1e-47a9-9191-91b15b9482a2,Intel Core i3-3436K,1138.85
aa5ca9a5-2737-4962-8530-df4c732f2c00,Intel Core i1-3616K,3815.69
204d3d41-f3ae-4fa7-a76a-0137970f5984,Intel Core i9-9307K,4259.64
71f16874-27dd-4094-966d-2ac9bf86cf70,Intel Core i4-5906K,4856.49
beb89051-9c27-48c8-83d2-4b8592812359,Intel Core i1-7773K,3452.72
f95d36ed-8119-4f29-bbf0-09873fcfe2ba,Intel Core i7-5868K,2369.77
e56ce58e-d05e-4750-b7ad-ebb1ab725528,Intel Core i1-2859K,4351.47
6e73d789-a820-4393-8995-b0aacb540dfe,Intel Core i7-3962K,1472.27
22e6b46f-f11d-43f9-a5c7-eed84550d48d,Intel Core i9-3588K,3770.55
242cee1a-2d1c-4fd9-b44f-28daac93128e,Intel Core i5-6867K,1380.92
c5b9d321-82de-432f-a930-e97b9138a215,Intel Core i7-5468K,2598.82
0328590f-0445-47e2-b89d-cfbf517efccd,Intel Core i9-9458K,2980.09
e83852a5-8cf3-491c-83af-8e563097fc42,Intel Core i2-5740K,2511.58
6805692c-d14d-40c7-b664-60d4a9488fa8,Intel Core i5-8124K,1674.39
8171282a-ce51-48c2-88be-784da32e0c5c,Intel Core i2-4327K,1926.87
a607623a-0bec-4f0d-9458-622709150716,Intel Core i1-3216K,4280.6
f6ae7890-61c9-4343-95e0-6ba14609882e,Intel Core i9-8117K,2850.3
b54fc30b-f59f-47fb-9905-07da07085b64,Intel Core i1-9804K,3319.73
5ac325f1-1183-485b-81b2-9c7206b75235,Intel Core i8-2635K,1847.63
ee97bfea-843b-4d60-98c2-b0a5aeb6548f,Intel Core i7-5256K,3859.74
1b6b4b82-8da3-4564-95b6-078edb379721,Intel Core i9-6737K,2320.47
a2655254-4abc-409d-8bf9-1c9cbf2f66f7,Intel Core i5-3366K,3374.47
ea0db930-4ffb-414b-8f13-2df49958679d,Intel Core i6-7205K,4637.95
3787f4df-84c3-4a28-b980-3c5eff65d123,Intel Core i3-3295K,4977.57
7789488b-b2b4-4a66-bab4-4c6ddba59350,Intel Core i8-4683K,1184.87
b378cd2c-a7e5-4889-9b75-49dab33d9de2,Intel Core i3-4598K,4189.77
3d243480-3c88-4c51-9341-1fa862e1ac2e,Intel Core i7-7822K,4430.35
f03d3d2d-667b-4d0d-9ca5-4b0cc638a496,Intel Core i9-2150K,2278.3
c16433d6-534a-47fb-ba88-87c2d4671749,Intel Core i3-4753K,2532.59
8c7d49a8-a9ae-46c6-b3c8-55b9a4d515bb,Intel Core i5-7678K,3321.02
0d74f0c7-4a96-43f3-b41a-ffd35c5c8f6e,Intel Core i2-1375K,4675.36
ba63472b-8186-4dff-8921-b7931aa7a7b8,Intel Core i3-2187K,2599.71
f92f15a7-4456-437d-bfc6-02e5a34cebfe,Intel Core i3-5410K,4520.12
2e704bf4-4da3-42e2-8ff8-f45a92e8159e,Intel Core i9-9576K,4034.24
deb13c75-bc33-4e64-abd3-56f5d8024700,Intel Core i7-2748K,1609.09
e1d8c4a8-e082-4091-af50-21e2f6d18146,Intel Core i2-6373K,4654.72
5a366331-2a4b-4c19-898b-b7d561f249be,Intel Core i7-1590K,1060.72
8d3bebb4-449b-4715-838c-72f2786249f0,Intel Core i8-6150K,1580.71
2ca4e97f-cd49-48da-8e92-58d1e5246262,Intel Core i7-1885K,3659.24
e396dad8-1acb-42e2-8e75-6ada973872b9,Intel Core i7-2116K,1228.48
28949754-dbf0-466f-adf2-ead3e081a581,Intel Core i7-6308K,2517.96
7dd9dfb1-0353-4b8c-80cb-9dd6390fa720,Intel Core i3-5960K,1519.92
86db313b-bb79-470d-bd1f-d2d0d8af3f69,Intel Core i3-8596K,2851.56
d56e80c0-83a5-4beb-a8fa-d6eacaf974b6,Intel Core i5-1799K,4359.92
5d4c60a3-8c94-4f16-95f4-f13ae40a26e7,Intel Core i7-3689K,4624.34
5845dd9c-0afd-4033-89e4-126973151fa8,Intel Core i7-9327K,1141.88
48b5a4e2-eff5-4abe-9b65-381a52fecad5,Intel Core i7-5781K,1243.41
7ac6d87f-38c8-43d4-9e80-15a372ec405e,Intel Core i5-3570K,4362.5
15171668-26ce-4ead-9c11-ac3f2424eb9f,Intel Core i2-5164K,1171.26
11770a4b-a171-49c2-b052-61a1f2365510,Intel Core i8-3811K,2094.36
a21df11d-cfbb-4c97-ae60-2e14bb30135f,Intel Core i1-4233K,1469.75
48eaec40-9eb2-4868-86f9-c87d4809b63e,Intel Core i1-2111K,1364.15
e3d985d0-4fef-4099-ac99-c24f1822b2d9,Intel Core i3-6246K,1110.49
90cc4648-460e-4646-abd0-46eb7b65e753,Intel Core i4-3906K,3550.05
03f1d8db-7e63-4e52-8f57-4ca7f9af8b09,Intel Core i3-6797K,3978.46
9b2ebd15-5dfd-4458-b68f-6de7a26903e9,Intel Core i3-6989K,3747.09
f52d41b7-b3ad-446f-9b91-7391d8246422,Intel Core i1-5210K,4382.49
37cca53b-5090-4370-b75a-50db94b19fd4,Intel Core i1-1571K,3652.06
2af1c332-0635-4ce0-a03f-0dbd6239a4a6,Intel Core i5-8784K,2558.81
39a33f74-2efe-43a0-8cb1-785f6d4b269c,Intel Core i5-3913K,3524.25
d218911e-b89c-421f-a7f8-d8f486fc5d15,Intel Core i6-8280K,4878.38
6b53c13a-58e2-4d8d-a651-c57e7ed99edb,Intel Core i5-2662K,3566.41
368478f5-0557-4f67-ae4d-ff49a4582f37,Intel Core i6-3943K,1972.37
a1c10c55-b249-406f-860e-b67cad8d6b88,Intel Core i1-4839K,1240.74
da20a7da-f3fa-456e-ac43-b62c12d57c96,Intel Core i7-6752K,4740.66
15b5dfa5-93a9-4100-9e81-87934fdf0e63,Intel Core i2-5197K,3361.98
354c74a3-7bc8-4d55-a875-29ded017481a,Intel Core i9-6484K,2398.46
2cdf4828-91f3-4a6f-b947-47941a8af908,Intel Core i4-7633K,3421.41
da5f526a-5da3-41ac-acba-eebda1c5ad56,Intel Core i8-9340K,3241.03
eef94ccf-40b3-43bc-ae39-c68d60d70e5d,Intel Core i2-9567K,3088.69
6db300df-7d68-4589-bd43-b07cafff61f4,Intel Core i2-7713K,1243.22
a5b760e8-926a-443a-823e-b7aadc679992,Intel Core i8-9421K,2412.91
02f87a77-2942-4f70-b224-a1e06b77ab02,Intel Core i5-6623K,2650.6
fff9a75c-2a74-4da6-8924-b49abc90614c,Intel Core i3-1454K,1797.47
a71cc9bf-935a-45d0-b1c0-ed898c3c3b30,Intel Core i9-1647K,4520.42
aafb4907-9150-4593-ac1e-56d754e649ca,Intel Core i4-5402K,2696.48
6498cd22-d72d-44bc-89e0-e0e55e7b7eea,Intel Core i6-6416K,3649.54
45ff7f96-cd74-4fe6-b32a-4d8358107c83,Intel Core i7-6610K,3854.19
36f80899-a4b3-46af-9eea-88e3e4dd9a7c,Intel Core i5-7565K,3973.13
9668f104-a828-4190-b674-9745d61721b0,Intel Core i2-7459K,3884.46
09a1351a-ad07-4366-b1c2-2787e301dd4e,Intel Core i6-5197K,4008.83
36dfb8bc-dcea-4e15-aeb0-87957f1350bd,Intel Core i9-1319K,2006.32
ced0cdfb-ec68-458a-a2db-83e6135e8e33,Intel Core i9-8593K,4905.61
90a59387-7c71-415d-ae85-4b1dc0512f92,Intel Core i1-2766K,1604.04
6ba285f8-cdd9-4ca5-95a8-bb06d7905810,Intel Core i4-8729K,4674.59
7de46237-f38f-47fe-94b1-e5e7fb853552,Intel Core i7-3871K,4418.28
09c6dad1-14d5-4e13-9bec-c129a7e2a9e7,Intel Core i9-1534K,4408.66
855db2a8-9566-43ad-929f-b76c168986b7,Intel Core i5-9542K,1211.25
d6a38660-c930-4c3d-beaa-f6688a25c239,Intel Core i7-6972K,1364.87
3c34bc44-f7f8-479e-a3f3-2abcb3b47d6e,Intel Core i5-1553K,4252.22
a859c771-156d-442e-96bb-edd1093b1125,Intel Core i5-8589K,2876.67
f234f79d-9a51-41fb-84d3-52e30774d20a,Intel Core i5-5642K,2481.01
2c8445dc-3ca1-40ed-8958-f776073d30b8,Intel Core i7-8824K,4938.75
6275bf72-d035-4614-827e-7294e44f47e9,Intel Core i1-2426K,1160.47
fff1c0d5-28b9-4f58-bbda-65b55208bbb6,Intel Core i9-5150K,3125.86
c89a306b-ee53-4ba5-9f5c-62e06a575ea7,Intel Core i6-3161K,2773.4
83053f5b-6cdd-4d4f-9790-033438647bd2,Intel Core i6-9753K,1512.81
d72a8fb6-61f6-482b-b6ac-fb2d1a749bee,Intel Core i2-1638K,2580.75
ad5407dc-c092-449e-ac28-4300e7968549,Intel Core i1-3507K,3830.59
011dd085-80df-47b5-8e78-d98d104af53b,Intel Core i7-5393K,4529.26
cb66703c-57a8-4d95-9648-7f1721c2625e,Intel Core i8-7900K,1098.48
a1d7395c-3168-4d03-a6ca-9a71dcdf08d9,Intel Core i5-7116K,3098.04
09432282-9510-493e-a43d-b318bd62fdf1,Intel Core i7-8435K,1361.51
ed5672de-d884-4ba0-aa5e-cdf49209ff45,Intel Core i2-6798K,4201.57
94de5263-595c-45e5-b242-6a819d558240,Intel Core i9-8223K,1343.14
e2d3e9e3-3d46-4781-b036-843c50412662,Intel Core i4-5166K,1136.77
b59b7ff4-5553-4f85-94e2-d7c58d6d387a,Intel Core i5-2340K,2536.94
0ed3ff4f-d006-45a1-82cd-4cb5d2d0cd62,Intel Core i8-7594K,3930.42
6abdde6c-c981-46fe-8b6c-344c47c73daa,Intel Core i1-8314K,2252.83
bf1884c5-3425-4252-b980-1bd0fb25f515,Intel Core i4-3148K,1520.02
8c6065c2-5b3e-45fd-97ec-a13ee79c04e7,Intel Core i1-9568K,4178.29
773aff90-61f8-45e3-8d97-10b91cac4da1,Intel Core i6-2506K,4227.68
477df384-c703-4a9d-a5eb-355dd7fd85c4,Intel Core i4-2329K,4423.44
b979c1f4-88f2-4c11-a079-2bbcb4847e73,Intel Core i9-1496K,2214.98
951f93e2-fbad-4e08-aaa9-d0a634d03431,Intel Core i1-9760K,2699.32
4c1da2ae-3480-4eee-b910-3192f90c6888,Intel Core i1-7792K,1981.56
6a8de8bc-597b-4255-9842-3eb3d951e7cb,Intel Core i4-2832K,3228.71
5c2a90b8-1478-43b8-909e-ac6b0791551c,Intel Core i6-5488K,2320.43
6b44be1a-b04a-4a50-8331-0513d6f1a426,Intel Core i5-7489K,2354.65
85993284-014b-4bf0-b9d1-20ff3e950f53,Intel Core i5-3549K,4134.49
e5263362-fdab-4b85-bb57-244734dde2f6,Intel Core i5-9459K,4825.18
277f5d6e-2778-42a8-b45f-2784e8a5e117,Intel Core i1-2438K,3336.56
500964c3-878f-47ca-a050-fa8e1f7ff38e,Intel Core i6-4342K,1418.75
d85fca66-e564-47ee-adb5-48c80fb8caa0,Intel Core i4-7509K,3610.3
77d5873e-9ee6-4a6b-ba30-b601f18f38a6,Intel Core i5-7143K,2794.45
29026ca5-9439-4294-9b15-901f69a9a559,Intel Core i8-7502K,4952.12
8f945b33-2433-459b-a6ee-d9bd9557e3d9,Intel Core i6-4556K,3877.53
52ba1bbc-1c23-477b-b207-2feb96aca9cc,Intel Core i8-3644K,4339.14
3f488dd4-5804-4f9f-b43b-697f07facca6,Intel Core i1-2526K,3805.15
cdf5d7e1-f01f-4749-ac2a-6f93e8965d2e,Intel Core i4-8517K,3142.48
55fcbc01-2055-45e1-b796-cb9379668ab8,Intel Core i6-1804K,4587.27
f6bea3f0-54fc-4756-bfe2-29d874c38920,Intel Core i7-6866K,4326.47
36978e36-34cb-48ad-bda4-487862df5af6,Intel Core i7-5236K,2165.3
ac31f8af-abc7-42c6-b4a6-c5ad66379993,Intel Core i6-6712K,1628.13
774a5555-2ab1-44e9-a5bd-8c2593ddde9c,Intel Core i7-1761K,2481.41
2802e140-4053-4279-860f-870a85fb61fb,Intel Core i2-4893K,3084.31
37f570c4-929a-4672-bc04-0c9d7b9b3183,Intel Core i3-4262K,1389.52
7de61094-ba43-43e1-99aa-a9c0590f5119,Intel Core i9-8355K,2381.52
953dbd9f-e3d0-4f12-b535-3d0c4985272c,Intel Core i3-1967K,3299.62
bde89233-ab2d-4c44-9e7d-0419a08a1408,Intel Core i3-2533K,1174.3
eb00d5bd-fdaa-41a7-b6a7-0c739f200f96,Intel Core i1-6580K,4259.79
ad297c8f-c09d-41f7-b499-c9e779d0372c,Intel Core i5-3330K,3604.47
af03a569-7a1f-4f41-9b41-a41a9a41df46,Intel Core i7-5312K,2254.6
b33c74ed-435d-4521-9a7f-7b79548b97c8,Intel Core i3-7413K,2193.28
c7e3b720-2989-4572-8c75-4010a0e92634,Intel Core i8-3268K,2410.46
988f9023-5a17-4c27-9ead-729fb5c42930,Intel Core i4-2373K,2301.15
227c91e3-f2f8-4b3f-9194-08a3f500aefc,Intel Core i3-9533K,3994.06
a27d126a-8fad-44ef-b3f7-3db2dd559248,Intel Core i6-2619K,3004.23
c677e18c-bb49-4ebe-94e2-31981c8a1a1a,Intel Core i3-8784K,3104.51
6e34dc77-1c76-439e-97c9-e60b6956b615,Intel Core i9-4389K,1595.03
df67a519-c645-4de3-a427-88894e63b52d,Intel Core i2-7789K,4657.67
f30f7883-8bf9-4b14-a022-336f2e34530c,Intel Core i8-9753K,2302.29
69520a28-5e3e-4997-ad85-9c6b37bdfa76,Intel Core i3-1159K,2310.26
28828a4d-ef9b-4f5d-830b-39f734c28a36,Intel Core i8-3859K,1275.38
bab65740-25b3-4433-8cf8-3df573ba6a3b,Intel Core i6-3895K,4917.65
3d6a7aa2-33bd-4fc1-871c-4baea95399b9,Intel Core i8-9538K,2918.79
4f2a0556-8f8a-4aab-adbe-5e8f8039b467,Intel Core i3-4593K,4651.54
2144443a-4550-49a7-9ce5-93df6dc9cf8b,Intel Core i4-7911K,4710.47
08f524e2-8a4f-4e2d-a572-5a25601c799f,Intel Core i8-1734K,4879.01
a82409bb-0c9f-412f-b464-2116e093bde1,Intel Core i5-5430K,4262.52
f223589f-0c36-44e3-a9ed-6acc164d897a,Intel Core i8-6760K,4701.77
3ec68830-4b8c-48bc-a945-5d2e76d8ff5d,Intel Core i3-9131K,4689.16
095e89cb-25f7-40c3-aea6-3219037eef24,Intel Core i1-9862K,4205.47
390fd851-5c3e-4fb4-aaf7-1d84cf5eddac,Intel Core i9-7175K,1538.32
ed688eba-b01f-4c0e-854f-b35f732fe93b,Intel Core i7-4996K,3094.85
a263e5cb-7056-4037-b694-60babbc1e3cd,Intel Core i1-4608K,3302.42
07552488-8b1d-44c4-ba15-630d1ca0058f,Intel Core i8-3802K,4969.99
bdc0d7de-a874-491a-9a07-add91078bced,Intel Core i5-9722K,4135.79
6ab5b8e7-976e-4867-bf5d-5bcbbf64023c,Intel Core i2-2718K,3811.66
d305cddf-a113-4246-bdd4-7c9de4486afe,Intel Core i4-1975K,3986.6
fa4a0bf3-559e-4faf-bff3-a2f36e779985,Intel Core i8-4363K,2446.31
21ff4486-2520-4603-b2a8-2949b022e430,Intel Core i9-6533K,4769.25
8ab6eca4-b04b-4453-9729-98d0ae51eb6f,Intel Core i9-4479K,3574.0
6cedeb1e-8ba0-4166-a731-7a7286132a71,Intel Core i1-1641K,2610.3
a2831b22-846b-4813-9096-93b4ddb0e31c,Intel Core i3-8918K,2858.29
2775adfa-2de0-4e28-a740-7086f40902f0,Intel Core i3-9116K,4919.02
73b1d14a-0bbd-4039-a4ed-7488a0ff1102,Intel Core i6-8425K,3128.51
0b4c37de-fa2a-4145-85e4-c7bef12b7a24,Intel Core i2-7667K,1671.19
8ee4929f-c18b-47d7-acdd-5cac4e67a779,Intel Core i4-6604K,1593.42
d1f55de1-4902-4b5d-b831-4dcf28506f4d,Intel Core i8-7501K,3748.97
f2835065-c726-4174-9150-00792e828563,Intel Core i4-6624K,3251.1
cf4347d7-3b18-4c6c-a5f9-f6f2113c3804,Intel Core i1-1330K,4627.23
dec9f598-0b29-4cd1-95c0-3f8ad8eb5937,Intel Core i6-1597K,1738.4
6937d02e-9635-4ca3-b19c-daa9570c5e7e,Intel Core i5-2498K,2644.44
8b9da09e-211c-4ba9-a385-04d3882931f2,Intel Core i7-6502K,3911.84
5c9a7a82-2483-4633-91a9-f3c33a6a58f5,Intel Core i7-2570K,1200.42
6fff3374-fd75-4ee5-9e46-acb1717a3d87,Intel Core i4-9763K,1396.89
b8fbca98-bf9c-4d8f-b6a6-5d73ee486a7d,Intel Core i1-1394K,3182.83
3f4a06d1-7d0b-4527-b56d-f588a4b516b6,Intel Core i6-2472K,2062.92
70b9d23c-77d5-4d0d-a453-fff0659856e4,Intel Core i3-3788K,1427.75
7f9d61cb-d147-4ff0-88a5-81a850e56eef,Intel Core i6-4329K,2046.79
09510b56-a1eb-430f-bf27-25e577bd1172,Intel Core i2-3129K,3528.56
0fcc1fc0-4119-431b-b665-3d975ac83ab8,Intel Core i5-6194K,3105.51
8cc6375f-4e3a-44ce-9486-ee5a2fac63e0,Intel Core i2-8720K,1313.99
68761d77-8f3a-4a61-8b06-d83463b8a561,Intel Core i3-7764K,1291.25
f2bc0c3b-dca9-4b50-9538-c7040998aed9,Intel Core i6-5857K,4402.51
4d4d4e67-4d1f-414d-bdad-a98c42ee616d,Intel Core i1-5424K,3572.96
5847cf73-a714-4395-8865-943ac1f3df2e,Intel Core i1-1207K,1693.47
f4b32fa8-d9e1-4f23-b76d-b46340855ec4,Intel Core i1-4397K,4447.34
eb0e9d1c-a63b-46b1-a036-274020b75cc7,Intel Core i7-4569K,1087.4
7c17d53e-d4a4-4baf-a2c3-4144bfb7e8ba,Intel Core i3-2623K,2472.42
37bb9c27-4ef4-46b1-81a0-e037dba63196,Intel Core i2-9451K,4390.52
8a5005f4-41fb-4716-b560-e309edd166ac,Intel Core i9-9835K,3841.11
bd99979e-221b-44b6-b7a2-3a32ae9674e3,Intel Core i6-3316K,2135.01
e1a26fdc-7992-4cd8-9c13-4b0734a2cfd2,Intel Core i6-3891K,4565.13
77005397-9701-47e2-b2fe-290773dff1a3,Intel Core i8-7491K,3392.31
c13c2397-c258-4a7a-9e41-3b348b149d07,Intel Core i5-6711K,4461.97
c6c2470e-e0d5-4594-96d5-8ec68e9e8f1f,Intel Core i6-7959K,4571.17
af5d6e4e-ab5b-467f-a9f0-cf0b67a81cdb,Intel Core i2-4799K,2701.78
d1ede416-bfe5-4ca7-be82-edbcf0958e7f,Intel Core i8-6258K,3702.4
43a09617-f224-4a20-814e-715d3a585315,Intel Core i1-4575K,3177.91
5308f950-0555-4cb7-8832-a56e4bf3116a,Intel Core i4-5962K,4778.94
d4036c58-8617-4fef-a3c8-752b261d8495,Intel Core i3-5190K,4192.64
4004fb99-2c62-443f-b1ab-90bb0d24dddc,Intel Core i2-3914K,3903.27
8c1b3ed0-5f7a-465e-9334-7cbb3aab6898,Intel Core i4-8779K,4256.13
4851fb38-a2a8-4981-92c0-7572f50b8393,Intel Core i8-6902K,4992.64
e8dd994a-8dd6-488c-9e65-326d768c8abe,Intel Core i2-7346K,2026.24
57dcf176-b2bd-45f5-9cc6-063307d928a6,Intel Core i7-8283K,1805.45
ae3c3429-95bc-40a0-9687-4fee5284cad4,Intel Core i9-9395K,3987.13
c482eb55-f02c-416f-8390-707b3b9b4702,Intel Core i4-1603K,4081.33
f7546b0d-7c6d-4c94-bf08-d004688586f5,Intel Core i9-9733K,3057.14
872ead61-ce45-4777-b87d-c851e5dfb64e,Intel Core i3-4186K,2948.3
d702136d-fffb-4707-b548-4fbafaeac5e2,Intel Core i9-1338K,2614.97
c60b5b5a-0fa6-4c9e-bfe2-39f37aad6abf,Intel Core i1-3981K,4530.79
708eb6f8-1e54-47c9-aa24-c9278d52e3fc,Intel Core i6-6343K,4184.93
d40d36a0-5c31-4b5b-9576-723bdd2a84cd,Intel Core i7-6114K,3338.39
8cb9537a-43e8-4fc8-98bc-2e7a4a2d99a9,Intel Core i8-1680K,1160.48
fdd421a5-e2cf-4569-873f-f8737b07d534,Intel Core i7-5744K,4404.57
a4abc8cc-71f1-4531-9fb6-f5a01f9f7415,Intel Core i2-1274K,2833.81
e5e9ab57-fb8b-41bd-a5b9-667b52cc31a5,Intel Core i4-2161K,1759.04
ff216bd9-f8a7-49fd-a467-ec8902fa9015,Intel Core i2-4637K,2197.42
027e6b9c-eb57-4b53-ab85-f27e2ec648cb,Intel Core i5-8834K,3765.34
494c105f-597b-4f7f-8d37-f1beeb3fdc15,Intel Core i9-4889K,1022.03
11872003-042f-4fd0-83bc-6c85efbe6463,Intel Core i1-2561K,1480.18
e9860cde-ace0-4baf-b94a-22640528f49e,Intel Core i4-5797K,2210.61
f49ffd04-01c2-4028-9290-65a8665c4cf0,Intel Core i7-7829K,4548.77
271e3c51-0fd7-450f-b51c-180c0eb128b6,Intel Core i8-1533K,3987.44
b6b0a235-ffe8-4cd2-b5d5-037e258364d5,Intel Core i8-6247K,4883.17
da8e852c-ee35-4824-a9dc-cd67fd1b1846,Intel Core i4-8791K,3172.11
73f84260-3676-4b2c-95f6-0fb4b9df8677,Intel Core i1-3736K,3287.87
6d9637b0-9f40-4073-ae5f-2d1468c18aae,Intel Core i9-3265K,3205.51
0e2d5e36-b8e3-466c-8636-a70c38415e51,Intel Core i1-4982K,3102.51
db4f1177-b4d6-43c8-98c0-e72b7bdcbae3,Intel Core i5-5887K,3168.16
816e31c4-727e-4793-92c2-ccec30e0fb72,Intel Core i8-7620K,4274.27
ec6bc7c3-8df6-4594-b1ce-2ef74aeda199,Intel Core i4-5465K,4813.47
f7b05dfd-f166-460b-bd6b-faacc5303dbd,Intel Core i8-5779K,2633.2
d59cbb99-3863-4cc5-b3cd-4e97d2d052b6,Intel Core i8-2244K,3519.86
c22014ac-a5e2-4305-b901-4905c97f51b7,Intel Core i5-9457K,2231.04
3862416b-6238-41ae-afda-e462eb7453d5,Intel Core i4-3385K,2207.64
3c9a41c2-0675-4708-aea9-76965db9aaa7,Intel Core i7-1743K,3025.27
cd9e4dfb-27bb-4783-a631-84aa7173e653,Intel Core i3-2263K,3345.07
fb1ca3fe-954e-4729-aae7-de7c742204d4,Intel Core i7-4527K,3199.98
11a04492-55d0-4443-8f61-be08083f1cfe,Intel Core i5-1596K,4906.32
5ab81908-85f7-4013-9a20-8858ab1fd255,Intel Core i7-5521K,1651.88
bb943e9b-7cb7-4972-981e-a94903d78aee,Intel Core i1-3268K,3546.66
258b73fb-7bc5-468f-8dab-a8e733d728b5,Intel Core i8-7228K,4978.12
975ec50f-db5f-48c6-b675-36d12da6327c,Intel Core i6-5105K,3944.54
b91210bc-7321-4740-99e3-0095ca0f1fd0,Intel Core i1-6547K,3263.63
02e238fd-ce3e-46ca-b911-7dc406ef6229,Intel Core i5-5383K,2473.45
399540af-6d29-469b-8215-ffc407a31e36,Intel Core i6-9248K,2608.56
0ddadde5-332c-49f0-b24c-659462aa458b,Intel Core i3-7602K,4746.09
6cb411a5-a52a-4eb3-b5f2-e7711e432e38,Intel Core i3-5157K,4581.32
26bf8e66-d4e1-4506-83f4-67ef22f217af,Intel Core i9-1740K,3678.71
5edbcfc1-8b89-48d8-84ce-7f0092a3948d,Intel Core i1-9787K,4594.99
821dea54-364c-4bcd-af7e-78f71489395c,Intel Core i1-7211K,4700.65
c8f07a27-95b2-4b81-b820-dfb674632270,Intel Core i6-1773K,4385.37
bc3010e9-3ea3-4de1-9804-613abdbc6477,Intel Core i6-4178K,2533.66
27e02ae7-cfc6-42bc-adcc-10562f1f8351,Intel Core i8-5727K,2857.46
d08419d7-c4bd-49ad-9f8c-37c29b6c41fc,Intel Core i7-8981K,4183.63
ef774bcd-a5df-4a15-b107-ce67e5c7712d,Intel Core i2-1784K,2490.53
54e8b153-a700-47fb-be90-ada69725154e,Intel Core i4-2825K,3997.46
6a03ef4f-d812-43ef-a045-cf539d4663fb,Intel Core i6-2451K,2925.68
749f566d-8e1d-4db8-970b-718f72b7278d,Intel Core i3-3695K,2346.17
76b7fba8-a4bd-4216-b278-de593704dfb7,Intel Core i5-9213K,2824.59
47c5fb5d-e4e6-4b35-b0ae-86d2b53993ef,Intel Core i8-9879K,1466.04
ac0165e1-7245-4358-843d-fa33073b685d,Intel Core i9-9865K,2417.99
99603fb5-0ccf-47b3-b24e-3db804de120f,Intel Core i1-3522K,2660.78
1dd97dda-7187-4555-9c84-853565214f7e,Intel Core i4-3422K,1072.65
56cbe4fa-b81f-46b7-b4f3-56a8262394eb,Intel Core i2-8972K,1688.3
79a4dfcb-e68a-40f6-9baa-0fe1c8ef0384,Intel Core i7-7986K,2040.93
968c55e9-8d69-47f6-95a4-a8b513e534e0,Intel Core i8-5886K,4431.54
653c94dd-5457-47e9-9782-53ef02c758b0,Intel Core i7-1523K,3358.31
08715278-4f58-4323-b9ff-5507969fb570,Intel Core i8-4392K,2148.58
d9e56af5-7914-4b36-b0ca-0419b184c0ff,Intel Core i1-6467K,4990.91
aedcd798-5f0c-410b-956d-9cc2f012410e,Intel Core i8-6324K,2031.68
9120db14-d5f4-46ad-a1e3-03f43c6747ed,Intel Core i7-2291K,3055.15
38566c7f-0477-430a-b942-12873318d0aa,Intel Core i2-2300K,3958.08
30952f6e-4379-4aac-8dff-2837e5e7fde3,Intel Core i1-4784K,3765.28
09ab6904-7691-4022-9552-38b1f7788ba1,Intel Core i6-4354K,2734.01
648c37a3-52fe-480e-9fcb-87c5a57779f8,Intel Core i6-2761K,4107.99
ac9d16a2-d4e7-4104-b80b-214a4f793e5b,Intel Core i9-2175K,2943.18
e2d80d58-210d-4555-be5c-d233e4e1c5c3,Intel Core i7-4402K,3861.86
775b7846-84fe-46c1-bfd4-5027997111cf,Intel Core i8-9112K,2965.51
3f4544d6-045c-4097-abfd-552a65312624,Intel Core i5-5359K,4885.98
6e04f409-2597-418c-8544-579a2eb27b05,Intel Core i1-5370K,3864.72
716e505b-8fae-496d-ac60-bfdc537240b1,Intel Core i6-1309K,1365.51
3555927c-bbef-4c10-aac6-694e722af7fe,Intel Core i4-5841K,1517.88
b6ac8f87-99a9-4f43-a328-6a03becece61,Intel Core i2-3573K,4866.06
ef89a16b-4307-4447-9688-7f2774d6ea72,Intel Core i3-3403K,1916.91
e9724437-a99f-44bf-bfce-00e884ab80e0,Intel Core i8-2199K,1104.54
0c1aafea-7aeb-4765-b2a5-4cbe7504c8b4,Intel Core i6-3539K,2012.89
f14bb4e3-60ac-4322-b531-5eaec370f865,Intel Core i5-4711K,2919.15
0a2b1e2f-e268-407e-bd5d-3fe33f8d1601,Intel Core i3-5348K,4808.67
aed166ed-3703-4e6f-9703-c369de25f9d6,Intel Core i2-5948K,2596.52
af87c9ad-8319-4480-b16f-1d0589c73bad,Intel Core i8-7213K,3894.02
42228663-d25d-47ab-af39-ba00056ed8e8,Intel Core i8-1506K,4337.45
93e9bb15-43c0-4b04-88a0-3315222a07f1,Intel Core i6-3477K,1356.65
241546bf-2a85-4b3a-8615-194b80fc1903,Intel Core i4-9978K,3447.57
5053d7ca-2d06-4aee-b7a3-84cb5325d3c2,Intel Core i7-4632K,4983.14
0ebd6290-3b8d-4528-9180-9ad2bf860ee3,Intel Core i1-4273K,3198.38
69bd7d83-e3c2-45b5-bba2-7fd9714eb1c0,Intel Core i1-4751K,3137.94
dd559f7b-9bb8-4bd1-94ee-b5c8ec08e563,Intel Core i8-8856K,2386.81
611db949-6154-4265-8571-e07632071665,Intel Core i8-6199K,4784.42
91d14b4b-d787-4e66-ab3d-5d03ee1810da,Intel Core i3-9234K,4878.4
3c21c3cf-6bb4-423e-8c22-ea871a323dbf,Intel Core i6-2163K,1412.68
9f3ede24-3296-4a27-8717-c6528598d121,Intel Core i7-4533K,3211.34
367fb068-290b-406d-ba73-6002025d833e,Intel Core i4-1445K,2678.52
d9d517bf-2b20-4b49-a1e1-4b0afe2ad7c4,Intel Core i5-3294K,3686.58
9082b8be-6cbb-4a3a-aaaa-df25a7821dec,Intel Core i3-7805K,1474.59
a5c08ae8-6334-4c6a-b811-4b268ac2db2d,Intel Core i4-6171K,2061.34
0bef1489-078c-4d5d-be35-a2e5a806c5c9,Intel Core i3-4713K,2115.01
1567178f-c1df-4330-819e-c312981cc45c,Intel Core i7-6226K,2918.85
8a550c22-3ac4-4cc2-a5ab-5b31f4c34d09,Intel Core i8-6508K,4173.13
a8e3d00d-caa6-42a8-8067-b06505400d5b,Intel Core i6-1255K,4431.39
2a01dbca-b892-48af-b277-9094c765abca,Intel Core i5-1964K,4145.69
a9218bfe-530d-46bf-b1b9-79e1ebbd3b4e,Intel Core i1-8674K,3707.23
4d3b756d-47e6-438e-bfcc-67416a770b31,Intel Core i9-9467K,1348.77
cbb63a7d-32de-4200-bdc7-e489582ef3a2,Intel Core i1-7528K,2558.87
909e267f-b9cb-4b03-99e8-ca9aef6a7488,Intel Core i4-2335K,3674.81
1b95af3c-6ad7-4311-a569-293195e4d63c,Intel Core i5-3266K,2176.99
9a4b7c74-78e4-417e-be3e-24ceedf7e8e1,Intel Core i5-3843K,3031.27
dfc214b3-4433-431e-987d-8da19b4b29cb,Intel Core i3-5960K,4620.31
b3a7d708-6676-40d7-9dbb-2e8e730f481d,Intel Core i7-1822K,1464.63
5225c65f-64c3-488d-b8bc-d7d51282c9b7,Intel Core i9-1787K,4415.51
d56ddcda-2f59-456c-be26-8596b7d651f3,Intel Core i7-8214K,1423.32
75a481bb-73cc-455a-8bfc-6f6bf0fc60f0,Intel Core i7-1586K,2545.46
6626ef7f-7df4-4aaa-b63a-7b342297da6c,Intel Core i5-5690K,4621.56
b62752d8-2fec-4326-817c-c17cd9bb3af1,Intel Core i3-9180K,1804.8
61b06e74-7994-43dd-b102-191defb998bd,Intel Core i2-3535K,3082.97
ef0d4028-d0e2-49e4-a1b5-85590af07889,Intel Core i3-2968K,2666.42
e612ceed-51ae-4c1e-aa65-1c5d2acb4e60,Intel Core i2-7678K,4551.79
293d6624-fad3-42b5-9293-febc7a0c79ed,Intel Core i7-6527K,4968.26
c336c1b7-41aa-4d88-90b3-81ad4ccd377e,Intel Core i2-9378K,2154.37
7631bc0b-d846-4542-8206-30a1a4773a5f,Intel Core i4-6801K,2969.91
2c4bccea-59af-4a38-8b0f-6e3d1058ee7f,Intel Core i3-3782K,4580.02
9b82daf5-d597-4248-8d73-aca3ce634124,Intel Core i6-5501K,3179.18
32a08bce-83f0-4b2f-873b-21e14369d447,Intel Core i5-7755K,1858.5
f275c37e-79e3-4a50-9271-754bd2da9d78,Intel Core i6-6777K,4038.65
a01a3733-73d3-44d0-9b6b-2d0dab7e9f9d,Intel Core i8-5522K,2348.36
7ce1bf06-e2d6-4ab5-b883-c7feffcba439,Intel Core i8-1569K,2943.9
bf461ba0-4fd9-4dae-af0b-36952d100409,Intel Core i6-8387K,1034.25
a0a655f2-b0ea-425d-a6a9-a5ee870ed5e8,Intel Core i8-3472K,4955.87
649a5896-b081-428f-8b19-a33509367a82,Intel Core i9-6351K,3629.13
132f7c9f-cb15-4adb-960e-24ef0b63d94d,Intel Core i5-5466K,4703.25
85834b70-718a-4aa9-8cc2-c259e6ab075b,Intel Core i8-6290K,4874.74
fbdfe50d-2c0b-40a9-8089-33b42be2d6ad,Intel Core i7-8147K,2070.13
ccaad041-244a-4d95-be68-76bd80d85551,Intel Core i8-9364K,3162.14
50607fa8-babd-4908-9584-6da80b04d173,Intel Core i4-7252K,2761.0
4f7a6d9d-12da-41fb-b16d-e046afb25aa3,Intel Core i3-8915K,4039.42
8e5942af-2306-4af4-97db-ecc81c89834d,Intel Core i3-8378K,4369.54
8e8ed4f2-e3e0-4124-8e10-89963e959a12,Intel Core i7-6503K,1914.24
ca994ec5-8d17-47d9-9877-548369c23c43,Intel Core i1-7274K,2098.26
7e77925d-efee-4ccc-948c-76d13bb49203,Intel Core i6-7530K,3825.05
